data-start,data-end,data-today,data-intro,data-group1-consent,data-group1-coordinates,data-group1-coordinates-altitude,data-group1-coordinates-accuracy,data-group1-interviewer,data-group1-subcounty,data-group1-village,data-group2-gender,data-group2-age,data-group2-education,data-group2-career_g-career,data-group2-career_g-career_other,data-group2-resisdence_time,data-group2-birth_place,data-group2-farm_role,data-group2-ownership_by,data-group2-tenure,data-group2-farming_year,data-group2-river_dist,data-group2-farm_size,data-group2-landuse_g-landuse,data-group2-landuse_g-landuse_other,data-group2-crop_g-crop,data-group2-crop_g-crop_other,data-group3-invasion,data-group3-giraffe_action_g-giraffe_action,data-group3-giraffe_action_g-giraffe_action_other,data-group3-giraffe_attractants_g-giraffe_attractants,data-group3-giraffe_attractants_g-giraffe_attractants_other,data-group3-invasion_frq,data-group3-invasion_time,data-group3-invasion_trend,data-group3-income_impact,data-group3-harvest1,data-group3-harvest2,data-group4-reduc_imp,data-group4-using_measure,data-group4-measures_g-measures,data-group4-measures_g-measures_other,data-group3.1-effectiveness1,data-group3.1-effectiveness2,data-group3.1-effectiveness3,data-group3.1-effectiveness4,data-group3.1-effectiveness5,data-group3.1-effectiveness6,data-group3.1-effectiveness7,data-effectiveness_thoughts-eff_resn1,data-effectiveness_thoughts-eff_resn2,data-effectiveness_thoughts-eff_resn3,data-effectiveness_thoughts-eff_resn4,data-effectiveness_thoughts-eff_resn5,data-effectiveness_thoughts-eff_resn6,data-effectiveness_thoughts-eff_resn7,data-effectiveness_thoughts-eff_resn8,data-effectiveness_thoughts-eff_resn9,data-effectiveness_thoughts-eff_resn10,data-effectiveness_thoughts-eff_resn11,data-effectiveness_thoughts-eff_resn12,data-effectiveness_thoughts-eff_resn13,data-effectiveness_thoughts-eff_resn14,data-impro_mtd,data-impro_mtd1,data-try_new,data-new_mtd,data-trial_resn_g-trial_resn,data-trial_resn_g-trial_resn_other,data-bar_new_g-bar_new,data-bar_new_g-bar_new_other,data-sol_appr_g-sol_appr,data-sol_appr_g-sol_appr_other,data-req_try_new_g-req_try_new,data-req_try_new_g-req_try_other,data-lead_training_g-lead_training,data-lead_training_g-lead_training_other,data-time_training-time_training,data-time_training-pick_day,data-mgt_plc_g-mgt_plc,data-mgt_plc_g-mgt_plc_other,data-group5-do_repo,data-group5-no_repo_why_g-no_repo_why,data-group5-no_repo_why_g-no_repo_other,data-group5-repo_where,data-group5-repo_how_g-repo_how,data-group5-repo_how_g-repo_how_other,data-group5-past_repo,data-group5-issu_addr,data-group5-feedback,data-group5-sat_fdbck_g-sat_fdbck,data-group5-sat_fdbck_g-sat_fdbck_other,data-group5-receive_info,data-group5-receiving_CH_g-receiving_CH,data-group5-receiving_CH_g-receiving_CH_other,data-group5-interested_knowing,data-group5-receiving_CH1_g-receiving_CH1,data-group5-receiving_CH1_g-receiving_CH1_other,data-group5-advice_g-advice,data-group5-advice_g-advice_other,data-group6-conservation,data-group6-group6.1-cons_yes1,data-group6-group6.1-cons_yes2,data-group6-group6.1-cons_yes3,data-group6-group6.1-cons_yes4,data-group6-group6.1-cons_yes5,data-group6-group6.2-cons_no1,data-group6-group6.2-cons_no2,data-group6-group6.2-cons_no3,data-group6-group6.2-cons_no4,data-group6-part_in_conser,data-group6-invol_inst,data-group6-aware_pa,data-group6-prot_area,data-group6-prot_area_other,data-group6-cons_org_g-cons_org,data-group6-cons_org_g-cons_org_other,data-group6-group6.3-cons_feeling1,data-group6-group6.3-cons_feeling2,data-group6-group6.3-cons_feeling3,data-group6-group6.3-cons_feeling4,data-group6-group6.3-remarks,data-meta-audit,data-meta-instanceID
05/01/22 12:11,05/01/22 12:45,05/01/22, ,yes,"-0.4111596,39.6322991",120.7,4.85,owino,garissa,bula_adc,male,40 to 49,primary,farmer, ,beyond_20 years,yes,owner,inherited,community,1991_2000,less_1km,less_5Ha,agriculture, ,"mangoes, lemons, others, bananas",Quava,yes,"destroy_crops, destroy_property", ,crops, ,dry,"dawn, dusk, night",increase,partial_loss,3 sacks,1 sack,extremely_important,no, , , , , , , , , , , , , , , , , , , , , , , , , ,extreme_interest,Gun scare,"neighbour_uses, kws_use", ,"outlawed, expensive_equipment, financial_constraints, lack_knowledge, don't_know_other_methods", ,"farmers_association, government_institutions, ngss", ,"permission, training, information, technical_support, financial_support", ,"farmer, local_govt, conservation_org", ,morning_weekend,sunday,others,Central place close to farms,no,I_don't_know_where, , , , ,no, , ,"prevention, others",Authorities to come help,no, , ,extreme_interest,"community_meeting, newspaper, radio, others",Phone  calls,family, ,yes,agree,strongly_disagree,strongly_agree,disagree,agree, , , , ,no, ,no, , ,kws, ,no_opinion,agree,no_opinion,agree, ,https://drive.google.com/open?id=1Mjj9nnHLEtGjjLE6wzDIb4ljyri1bdHS,uuid:db154284-bffe-46e0-a05f-4f004aca4fb2
05/01/22 16:50,05/01/22 17:33,05/01/22, ,yes,"-0.3896981,39.6083221",129.4,3.58,owino,garissa,raya,male,50 to 59,informal,farmer, ,beyond_20 years,yes,owner,first_come,community,1991_2000,less_1km,less_5Ha,agriculture, ,"lemons, mangoes, others",Guava,yes,"destroy_property, destroy_crops", ,"water, crops", ,dry,night,increase,partial_loss,20,5,extremely_important,yes,"fence, guard, fire", ,Highly,extremely, ,moderately, , , ,Prevents entry, ,Chases the giraffe away, , , ,They still come, , , , , , , ,yes,Increase live guard,extreme_interest,I don't know any other,others,I don't have any particular one but I am open to trying any new effective methods,"expensive_equipment, financial_constraints, don't_know_other_methods", ,"Indivudually, farmers_association, ngss, government_institutions", ,"information, technical_support, financial_support, training", ,farmer, ,morning_weekend,sunday,farm, ,no,nothing_happens, , , , ,yes,no,not_satisfied,prevention, ,no, , ,extreme_interest,community_meeting, ,others,Farm chairperson,yes,strongly_agree,agree,strongly_agree,disagree,strongly_agree, , , , ,no, ,yes,"ggc, rnr", ,kws, ,strongly_agree,strongly_agree,strongly_disagree,agree, ,https://drive.google.com/open?id=1d9MuM34YGUCJnSZWXmHHQseg3msjCP6l,uuid:e4a283e5-1e67-4ecc-bbf3-5b39ccc73f26
05/01/22 17:54,05/01/22 18:27,05/01/22, ,yes,"-0.3899473,39.6072228",125.4,4.1,owino,garissa,raya,male,60 or older,informal,"farmer, others",Ex government official vet,beyond_20 years,no,owner,first_come,community,1991_2000,less_1km,less_5Ha,"agriculture, grazing", ,"mangoes, bananas, lemons, others",Guava,yes,"destroy_crops, destroy_property", ,crops, ,dry,"dawn, dusk, night",increase,no_loss,Variable up to 50,No change,not important,yes,"fence, guard, fire", ,extremely,extremely, ,moderately, , , ,Prevent entry, ,Chase giraffe, , , ,Indicate presence of human, , , , , , , ,no, ,no_interest, , , ,accustomed_to_current_methods, ,Indivudually, ,others,I am okay with the things I use,"farmer, local_govt, conservation_org", ,morning_weekend,saturday,farm, ,no,nothing_happens, , , , ,yes,no,not_satisfied,prevention, ,yes,"community_meeting, radio", ,extreme_interest,"radio, community_meeting", ,others,Chairperson,yes,disagree,disagree,disagree,strongly_disagree,strongly_disagree, , , , ,no, ,yes,"bec, ggc", ,"kws, nrt", ,disagree,disagree,agree,disagree, ,https://drive.google.com/open?id=1qGp_5LlShODMLx8wBz5O1Osyh6KAylxH,uuid:9e7b1966-9cfe-4738-b5cc-bff6fce5b2bf
08/01/22 16:57,08/01/22 17:44,08/01/22, ,yes,"-0.5101433,39.65163",115.2000046,4.7,owino,garissa,bour_algy,male,18 to 28,primary,laborer, ,more_than_5_but_less_10 years,no,attendant, ,individual,don't know,less_1km,less_5Ha,agriculture, ,"mangoes, vegetable, melon, lemons", ,yes,"destroy_crops, destroy_property", ,crops, ,dry,"night, dawn",increase,partial_loss,5000kg,1000kgs,very_important,yes,fence, ,not, , , , , , , ,Giraffe breaks fences, , , , , , , , , , , , ,yes,Employ live guard,extreme_interest,Live guard,"available, easy_use", ,financial_constraints, ,Indivudually, ,financial_support, ,"conservation_org, local_govt, farmer", ,afternoon_weekend,sunday,farm, ,no, , , , , ,no, , ,compensation, ,no, , ,extreme_interest,community_meeting, ,owner, ,yes,strongly_agree,strongly_agree,agree,no_opinion,agree, , , , ,no, ,no, , ,kws, ,agree,agree,strongly_disagree,agree, ,https://drive.google.com/open?id=1tJ8h25Ank_1-lxuTRHXQKSdtpxocw7qI,uuid:5e72a3e3-d215-4c9f-a577-52e296929283
11/01/22 15:19,11/01/22 15:44,11/01/22, ,yes,"-0.515325,39.6615717",137.5,4.2,owino,garissa,bour_algy,male,60 or older,primary,laborer, ,more than_10_but_less_15_years,no,attendant, ,community,1981_1990s,less_1km,less_5Ha,agriculture, ,"mangoes, bananas, lemons, melon, vegetable", ,yes,destroy_crops, ,crops, ,dry,"dawn, dusk, night",increase,partial_loss,NA,NA,extremely_important,yes,"fence, guard, fire, others",Flashlight,Highly,moderately, ,not, , ,Highly,Bar entry for giraffe, ,Chase giraffe, , , , ,They still come regardless, , , , ,Indicate presence of human, ,yes,Better fence,extreme_interest,Wire fencing,"neighbour_uses, available", ,accustomed_to_current_methods, ,Indivudually, ,information, ,"conservation_org, local_govt", ,morning_weekend,saturday,farm, ,yes, , ,kws,verbally_in-person, ,yes,no,not_satisfied,"prevention, compensation", ,no, , ,extreme_interest,"community_meeting, radio", ,owner, ,yes,strongly_agree,agree,strongly_agree,agree,agree, , , , ,no, ,yes,ggc, ,kws, ,agree,agree,strongly_disagree,agree, ,https://drive.google.com/open?id=1AZ_5JkT7mm6lL1SHBSXGG9UhjzsRTEV0,uuid:f1b5c518-13f9-4a76-9d23-8fcd35380586
11/01/22 09:09,11/01/22 09:31,11/01/22, ,yes,"-0.4783592,39.6479067",121.2,4.22,owino,garissa,bula_gem,male,40 to 49,secondary,"farmer, government_employee", ,beyond_20 years,yes,owner,first_come,community,1981_1990s,less_1km,less_5Ha,agriculture, ,"mangoes, vegetable, lemons, bananas", ,yes,"destroy_crops, destroy_property", ,"crops, river", ,dry,night,don't_know,total_loss,5 sacks,0,very_important,yes,"fence, guard, fire", ,moderately,moderately, ,not, , , ,Bars giraffe but they break it, ,Chases them away, , , , ,It is dangarous to even the farm, , , , , , ,yes,Using electric fence,extreme_interest,Live wire,"available, easy_use", ,"expensive_equipment, outlawed", ,government_institutions, ,"technical_support, permission", ,"conservation_org, local_govt, farmer", ,afternoon_weekend,saturday,farm, ,yes, , ,kws,verbally_in-person, ,yes,no,not_satisfied,prevention, ,yes,conservation_org, ,extreme_interest,community_meeting, ,others,Agricultural officers,yes,strongly_agree,strongly_agree,strongly_agree,agree,strongly_agree, , , , ,yes,govt,yes,ihcc, ,kws, ,strongly_agree,agree,strongly_disagree,strongly_agree, ,https://drive.google.com/open?id=1cF4GhWu_SNmMPuyHDlPPIHA77tOc96Fe,uuid:03e384cb-1d19-49cd-8550-09a7cf6bfcd7
11/01/22 14:24,11/01/22 14:40,11/01/22, ,yes,"-0.5200539,39.6638459",116.5,4.8,owino,garissa,bour_algy,male,29 to 39,college,"farmer, conservationist", ,beyond_20 years,yes,owner,inherited,community,2011_2020,less_1km,More_20Ha,agriculture, ,"mangoes, bananas, vegetable, melon, lemons", ,yes,destroy_crops, ,crops, ,dry,night,increase,total_loss,100,30,extremely_important,yes,"fence, guard, fire, propellas", ,not,moderately, ,moderately, ,moderately, , ,They break fences,Chase away giraffe using flashlight, , , ,Giraffe are afraid of fire, , , ,It think they are human, , , ,yes,Install better fence ' use lights employ more guards,extreme_interest,Motion sensor lights,available, ,"financial_constraints, expensive_equipment", ,"farmers_association, Indivudually", ,"financial_support, training, technical_support, information", ,conservation_org, ,morning_weekend,saturday,farm, ,yes, , ,"chief_office, kws",verbally_in-person, ,yes,no,not_satisfied,"compensation, prevention", ,no, , ,moderate_interest,community_meeting, ,"local_govt, family", ,yes,strongly_agree,strongly_agree,strongly_agree,agree,agree, , , , ,yes,community,yes,"ggc, bec, anr, rnr, ihcc", ,"kws, hcp", ,strongly_agree,strongly_agree,strongly_disagree,strongly_agree, ,https://drive.google.com/open?id=1tz7RaCr5_iy8VWReyblgqxDxaiuWxXQT,uuid:2f4951f2-f7a7-4415-973e-19f18f739412
12/01/22 11:22,12/01/22 11:37,12/01/22, ,yes,"-0.5889425,39.7152831",96.8,4.35,owino,garissa,jarirot,male,29 to 39,primary,laborer, ,less_than_5_years,no,attendant, ,community,don't know,less_1km,6_10Ha,agriculture, ,"mangoes, bananas, vegetable, melon, lemons, others",Guava,yes,destroy_crops, ,crops, ,dry,"night, dawn",increase,total_loss,1 pick up truck,Less than a sack,extremely_important,yes,guard, , ,moderately, , , , , , , ,Chase them away, , , , , , , , , , , ,yes,Increase manpower,extreme_interest,Not sure, , ,"don't_know_other_methods, financial_constraints", ,Indivudually, ,information, ,conservation_org, ,morning_weekend,saturday,farm, ,yes, , ,owner,verbally_in-person, ,no, , ,prevention, ,no, , ,extreme_interest,"radio, community_meeting", ,owner, ,yes,strongly_agree,agree,strongly_agree,no_opinion,agree, , , , ,no, ,no, , ,kws, ,agree,agree,disagree,agree, ,https://drive.google.com/open?id=1512ntIX1kccPlIPuNj7IHGANxPMQ_YVC,uuid:480eac2c-0466-495f-8638-3d98aac6d493
12/01/22 12:36,12/01/22 12:51,12/01/22, ,yes,"-0.5803374,39.7014764",101.7,4.733,owino,garissa,jarirot,male,29 to 39,secondary,laborer, ,more_than_5_but_less_10 years,no,attendant, ,individual,don't know,more_than_1km_but_less_than_2km,less_5Ha,agriculture, ,"mangoes, bananas, lemons, melon, vegetable", ,yes,destroy_crops, ,"crops, water", ,dry,night,increase,partial_loss,No idea, ,extremely_important,yes,"fence, guard", ,not,Highly, , , , , , ,Live porous fence,Chase giraffe, , , , , , , , , , , ,no, ,extreme_interest,I have no idea, , ,don't_know_other_methods, ,Indivudually, ,"information, training", ,conservation_org, ,morning_weekend,sunday,school, ,no,I_don't_know_where, , , , ,no, , ,prevention, ,no, , ,extreme_interest,conservation_org, ,owner, ,yes,strongly_agree,strongly_agree,strongly_agree,agree,strongly_agree, , , , ,no, ,no, , ,kws, ,strongly_agree,strongly_agree,strongly_disagree,strongly_agree, ,https://drive.google.com/open?id=14qFUU5x8Ea0LIgrE1enSL8qFqW7ZbQX1,uuid:8368f5a5-8fc9-47c8-9f81-76bfef57bbd4
13/01/22 09:48,13/01/22 10:01,13/01/22, ,yes,"-0.5360214,39.6790216",77.8,4.866,owino,garissa,bour_algy,male,18 to 28,secondary,laborer, ,less_than_5_years,no,attendant, ,individual,don't know,more_than_1km_but_less_than_2km,6_10Ha,agriculture, ,"mangoes, bananas, melon, lemons", ,yes,destroy_crops, ,crops, ,dry,night,increase,partial_loss,Don't know,Donk know,very_important,yes,"fence, guard", ,not,moderately, , , , , , ,They break through fences,Giraffes still return even after being chased, , , , , , , , , , , ,yes,Wire fencing,extreme_interest,Wire fencing,neighbour_uses, ,"expensive_equipment, financial_constraints", ,Indivudually, ,technical_support, ,conservation_org, ,morning_weekend,sunday,farm, ,no,nothing_happens, , , , ,no, , ,prevention, ,no, , ,extreme_interest,"community_meeting, conservation_org, radio", ,owner, ,yes,strongly_agree,agree,strongly_agree,agree,agree, , , , ,no, ,yes,ggc, ,kws, ,strongly_agree,strongly_agree,strongly_disagree,strongly_agree, ,https://drive.google.com/open?id=1ZcrudYMP0so1bvl6xuv1B8CfuSh9kHrg,uuid:c52e68a0-20a2-461f-a0f2-18fdff44d1b0
13/01/22 10:19,13/01/22 10:32,13/01/22, ,yes,"-0.5376832,39.678793",96.4,4.855,owino,garissa,bour_algy,male,29 to 39,secondary,laborer, ,less_than_5_years,no,attendant, ,group,don't know,more_than_2km_but_less_than_3km,6_10Ha,agriculture, ,"mangoes, bananas, lemons, others",Guava,yes,"destroy_crops, destroy_property", ,crops, ,dry,night,no_change,partial_loss,Don't know,NA,extremely_important,yes,"guard, fire, fence", ,moderately,Highly, ,moderately, , , ,Bar giraffes but they often break through, ,Chases giraffe away, , , ,They are afraid of fire, , , , , , , ,yes,Wire fencing,extreme_interest,I eonthave any particular one but would interested to know any, , ,"don't_know_other_methods, expensive_equipment", ,"Indivudually, farmers_association", ,"information, technical_support, training", ,conservation_org, ,afternoon_weekend,sunday,farm, ,no,I_don't_know_where, , , , ,no, , ,prevention, ,no, , ,extreme_interest,community_meeting, ,owner, ,yes,strongly_disagree,strongly_agree,strongly_disagree,strongly_disagree,strongly_agree, , , , ,no, ,no, , ,none, ,strongly_agree,agree,strongly_disagree,strongly_agree, ,https://drive.google.com/open?id=1TiivXQxEDl3GpMJGBOt16D112qR896xK,uuid:9cca8bc0-6b4b-432f-8e1d-376cd719d310
13/01/22 11:07,13/01/22 11:19,13/01/22, ,yes,"-0.5404686,39.6707961",93.2,4.25,owino,garissa,bour_algy,male,29 to 39,primary,laborer, ,beyond_20 years,yes,attendant, ,group,1991_2000,less_1km,More_20Ha,agriculture, ,"mangoes, lemons, vegetable, bananas, melon, others",Guava,yes,destroy_crops, ,"crops, water", ,dry,"dawn, dusk, night",no_change,total_loss,1200kgs,Less,extremely_important,yes,"fence, guard, fire, propellas", ,moderately,extremely, ,moderately, ,moderately, ,Prevent entry to some levels, ,Chase away but they still return, , , ,Giraffe never approach fire, , , ,Indicate pre5of human, , , ,yes,Increase guards,extreme_interest,Increase live guard,"available, easy_use", ,financial_constraints, ,farmers_association, ,"training, information", ,farmer, ,afternoon_weekend,saturday,chief_office, ,yes, , ,kws,"phone, verbally_in-person", ,yes,yes,moderately_satisfied,prevention, ,yes,"conservation_org, community_meeting", ,extreme_interest,"community_meeting, conservation_org", ,conservation_org, ,yes,strongly_agree,strongly_agree,strongly_agree,strongly_agree,strongly_agree, , , , ,yes,NGOs,yes,ggc, ,kws, ,strongly_agree,strongly_agree,strongly_disagree,strongly_agree, ,https://drive.google.com/open?id=1wHx4phfkA9BtuSKDj87N8gg7KEkwEZGR,uuid:98ae4158-8469-415a-892c-b474d24b7731
13/01/22 11:34,13/01/22 11:58,13/01/22, ,yes,"-0.5424605,39.6700327",90.2,4.5,owino,garissa,bour_algy,male,40 to 49,informal,"farmer, laborer", ,beyond_20 years,yes,owner,purchased,individual,1991_2000,less_1km,less_5Ha,agriculture, ,"mangoes, lemons, melon, others",Guava,yes,destroy_crops, ,"crops, water, river", ,dry,"dawn, dusk, night",increase,partial_loss,5 picks ups,3 pick ups,extremely_important,yes,"fence, guard, propellas", ,moderately,Highly, , , ,moderately, ,Effective to some level but porous, ,Chase them away, , , , , , , ,Simulate human presence, , , ,yes,Use better fence,extreme_interest,Wire fencing,"neighbour_uses, available, kws_use", ,"expensive_equipment, financial_constraints", ,Indivudually, ,"information, financial_support, training", ,"conservation_org, farmer, local_govt", ,morning_weekend,saturday,farm, ,yes, , ,kws,"verbally_in-person, phone", ,yes,yes,moderately_satisfied,"prevention, compensation", ,yes,"conservation_org, community_meeting", ,extreme_interest,"conservation_org, community_meeting", ,family, ,yes,strongly_agree,strongly_agree,strongly_agree,agree,strongly_agree, , , , ,no, ,no, , ,"kws, others",Sanctuary guards,strongly_agree,strongly_agree,strongly_disagree,strongly_agree, ,https://drive.google.com/open?id=1hScINxCjcanhGTQ_VtjS1U85YwCvWOQT,uuid:faf733ea-fab5-45a3-8d09-e73d88cc972a
13/01/22 12:06,13/01/22 12:34,13/01/22, ,yes,"-0.5424251,39.6704923",107.8,4.1,owino,garissa,bour_algy,male,40 to 49,informal,laborer, ,more_than_5_but_less_10 years,yes,attendant, ,group,2001_2010,less_1km,less_5Ha,agriculture, ,"mangoes, lemons, others",Guava,yes,destroy_crops, ,"crops, water", ,dry,"night, dawn, dusk",increase,partial_loss,2 tonne,They don't harvest to sell just for substances,extremely_important,yes,"fence, guard, fire, others, propellas",Hitting vessels to scare them,moderately,moderately, ,Highly, ,Highly,Highly,Prevent entry nbut often break through, ,Chase giraffe, , , ,Giraffe fear fire, , , ,Simulate presence of human, ,Sound indicate human presence, ,no, ,no_interest, , , ,accustomed_to_current_methods, ,"Indivudually, farmers_association", ,permission, ,conservation_org, ,morning_weekdays,friday,chief_office, ,no,nothing_happens, , , , ,yes,no,not_satisfied,prevention, ,no, , ,no_interest, , ,owner, ,yes,strongly_agree,strongly_agree,strongly_agree,strongly_agree,strongly_agree, , , , ,no, ,no, , ,kws, ,strongly_agree,strongly_agree,strongly_disagree,strongly_agree, ,https://drive.google.com/open?id=1gcZXv2xrpR_kNWx1cuftt8UbrdbLCqw8,uuid:d537e67f-dbec-4190-9a20-9a1f23e01eba
18/01/22 10:18,18/01/22 11:03,18/01/22, ,yes,"-0.5741552,39.6889121",223.9,4.866,owino,garissa,jarirot,male,29 to 39,informal,farmer, ,more_than_5_but_less_10 years,yes,owner,first_come,group,2011_2020,less_1km,less_5Ha,agriculture, ,"mangoes, bananas, lemons", ,yes,destroy_crops, ,"crops, river", ,dry,"night, dawn",don't_know,partial_loss,Not sure variable, ,extremely_important,yes,"fence, guard, propellas, fire", ,not,Highly, ,moderately, ,Highly, , ,They jump over or break through,Chase them usually with flashlight, , , ,They fear fire, , , ,They make noise simulating human presence, , , ,yes,Use higher fence,no_interest, , , ,"accustomed_to_current_methods, financial_constraints", ,farmers_association, ,"information, training", ,"conservation_org, local_govt, farmer", ,morning_weekend,sunday,farm, ,no,nothing_happens, , , , ,no, , ,prevention, ,no, , ,extreme_interest,radio, ,"family, conservation_org", ,yes,strongly_agree,strongly_agree,strongly_agree,strongly_agree,agree, , , , ,yes,individual,yes,ggc, ,kws, ,strongly_agree,agree,strongly_disagree,strongly_agree, ,https://drive.google.com/open?id=1K5QPfyBNeztAjeJikBw7vR1qA3_OmwcH,uuid:3ba38189-6b33-4107-9d50-af069f9e7f6d
20/01/22 08:22,20/01/22 08:40,20/01/22, ,yes,"-0.5965446,39.7245584",105.1,2.82,owino,garissa,awarot,male,50 to 59,primary,laborer, ,beyond_20 years,yes,attendant, ,individual,2001_2010,less_1km,less_5Ha,agriculture, ,"mangoes, lemons, others",Guava,yes,destroy_crops, ,crops, ,dry,"dawn, dusk, night",increase,total_loss,No idea, ,extremely_important,yes,"fence, guard, fire, propellas", ,not,Highly, ,not, ,moderately, , ,They break through fences,Chase them away but they return, , , , ,They are used to fire, , ,In addition to human this can help, , , ,no, ,extreme_interest,Block wall fence,"neighbour_uses, easy_use", ,"expensive_equipment, financial_constraints", ,"government_institutions, ngss", ,"information, financial_support, training", ,conservation_org, ,morning_weekend,saturday,school, ,yes, , ,kws,phone, ,yes,no,not_satisfied,prevention, ,no, , ,extreme_interest,"radio, community_meeting, conservation_org", ,owner, ,yes,strongly_agree,strongly_agree,strongly_agree,strongly_agree,strongly_agree, , , , ,yes,NGOs,yes,ggc, ,kws, ,strongly_agree,strongly_agree,strongly_disagree,strongly_agree, ,https://drive.google.com/open?id=1tapuuJiWKhOd41Qt8MojEnWfUlEEwE0C,uuid:760f19dc-d0ce-4da2-aca1-3e5bea16bbe4
20/01/22 08:53,20/01/22 09:13,20/01/22, ,yes,"-0.5962378,39.7268887",109.8,4.533,owino,garissa,awarot,female,18 to 28,secondary,farmer, ,more than_10_but_less_15_years,yes,owner,govt_issued,public,1991_2000,less_1km,less_5Ha,agriculture, ,"mangoes, bananas, melon", ,yes,destroy_crops, ,"crops, river", ,dry,night,don't_know,partial_loss,Not sure, ,very_important,yes,"fence, guard, guard_dog, fire", ,moderately,extremely,Highly,moderately, , , ,They break through, ,Chases them with flashlight, ,Make noise and alert liveg uard, ,They come even when you light fire, , , , , , , ,yes,Install better fence,moderate_interest,Fencing,easy_use, ,lack_knowledge, ,government_institutions, ,information, ,farmer, ,afternoon_weekend,saturday,school, ,yes, , ,chief_office,verbally_in-person, ,yes,no,not_satisfied,compensation, ,no, , ,slight_interest,radio, ,family, ,yes,strongly_agree,agree,strongly_agree,strongly_disagree,strongly_agree, , , , ,yes,community,yes,ggc, ,kws, ,agree,no_opinion,agree,strongly_agree, ,https://drive.google.com/open?id=1KoBLouDPCtoV72CCWp1eDetYLNxhxGgh,uuid:84222e40-5196-4e31-9a29-c6982cbe6e9e
20/01/22 09:21,20/01/22 09:44,20/01/22, ,yes,"-0.5968166,39.7262119",107.9,5,owino,garissa,awarot,male,60 or older,informal,farmer, ,beyond_20 years,yes,owner,first_come,community,before_1980s,less_1km,less_5Ha,agriculture, ,"bananas, mangoes", ,yes,destroy_crops, ,crops, ,dry,"dawn, dusk, night",increase,total_loss,Not sure, ,very_important,yes,"fence, guard, guard_dog, fire", ,not,Highly,not,moderately, , , , ,They break through,They chase them away, , ,Giraffe is not afraid of dogs,Giraffe is afraid of fire, , , , , , , ,no, ,no_interest, , , ,"expensive_equipment, don't_know_other_methods", ,government_institutions, ,information, ,local_govt, ,morning_weekend,saturday,school, ,yes, , ,kws,phone, ,yes,no,not_satisfied,compensation, ,no, , ,extreme_interest,radio, ,family, ,yes,strongly_agree,agree,strongly_agree,agree,strongly_agree, , , , ,no, ,yes,ggc, ,kws, ,strongly_agree,agree,strongly_disagree,strongly_agree, ,https://drive.google.com/open?id=11nPm_ajHotlYV6EDYeactRdDrVengADq,uuid:602b0148-9161-4c60-90c7-b221ac264f24
23/01/22 08:57,23/01/22 09:25,23/01/22, ,yes,"-0.5962472,39.7605972",118.7,4.3,owino,garissa,bula_bakari,male,60 or older,informal,farmer, ,beyond_20 years,yes,owner,first_come,community,before_1980s,less_1km,More_20Ha,"agriculture, grazing", ,mangoes, ,yes,destroy_crops, ,"crops, river", ,dry,"day, night, dusk, dawn",increase,partial_loss,Not sure, ,extremely_important,yes,"fence, guard, fire, guard_dog", ,not,Highly,not,not, , , , ,They break through,They chase them, , ,Giraffe are not afraid of giraffe, ,It just help the guard see them but nothing more, , , , , , ,yes,Wire mesh,extreme_interest,Wire measure,"neighbour_uses, available, easy_use", ,"expensive_equipment, financial_constraints", ,"government_institutions, farmers_association, Indivudually, ngss", ,"information, training, financial_support, technical_support", ,"conservation_org, local_govt", ,morning_weekdays,monday,chief_office, ,yes, , ,kws,"verbally_in-person, phone", ,yes,no,not_satisfied,compensation, ,no, , ,extreme_interest,"radio, community_meeting, conservation_org", ,"conservation_org, family", ,yes,strongly_agree,strongly_agree,strongly_agree,strongly_agree,strongly_agree, , , , ,yes,NGOs,no, , ,kws, ,strongly_agree,strongly_agree,strongly_disagree,strongly_agree, ,https://drive.google.com/open?id=1wnNBUbzBVqA8p6EIijYkLJ4z3GelI_UY,uuid:af81db36-d311-47d1-ac09-9943b0f53e27
23/01/22 10:03,23/01/22 10:20,23/01/22, ,yes,"-0.6031339,39.7608208",98.9,4.4,owino,garissa,bula_bakari,male,29 to 39,secondary,laborer, ,less_than_5_years,no,attendant, ,individual,don't know,less_1km,less_5Ha,agriculture, ,"mangoes, vegetable, lemons", ,yes,destroy_crops, ,crops, ,dry,night,don't_know,total_loss,Don't know, ,extremely_important,yes,"fence, guard, fire", ,not,Highly, ,not, , , , ,They break through or jump over,They chase them using flashlight, , , , ,They come even where there is fire, , , , , , ,yes,Wire fencing,extreme_interest,Wire fencing,"neighbour_uses, available, easy_use", ,"expensive_equipment, financial_constraints", ,Indivudually, ,"information, training", ,"farmer, local_govt, conservation_org", ,afternoon_weekend,sunday,school, ,yes, , ,kws,verbally_in-person, ,yes,no,not_satisfied,compensation, ,no, , ,extreme_interest,"community_meeting, radio", ,owner, ,no, , , , , ,strongly_agree,strongly_agree,strongly_agree,strongly_agree,no, ,no, , ,kws, ,strongly_agree,strongly_agree,strongly_disagree,strongly_agree, ,https://drive.google.com/open?id=1_Js3-eXT7ZHmFl6FTpMtNHHsjMd2frfM,uuid:199b6dbc-a428-43ad-8e7d-98da6b220220
23/01/22 10:38,23/01/22 10:49,23/01/22, ,yes,"-0.6026012,39.7606737",58.7,4.8,owino,garissa,bula_bakari,male,50 to 59,primary,farmer, ,beyond_20 years,yes,owner,first_come,community,1991_2000,less_1km,less_5Ha,agriculture, ,mangoes, ,yes,destroy_crops, ,crops, ,dry,night,increase,partial_loss,Not sure, ,extremely_important,yes,"fence, guard, fire", ,not,extremely, ,Highly, , , , ,They break through,Chases them away, , , ,They think there is human presence, , , , , , , ,yes,Wire fencing,extreme_interest,Fencing with wire,"neighbour_uses, available, easy_use", ,"expensive_equipment, financial_constraints", ,"government_institutions, Indivudually", ,financial_support, ,conservation_org, ,morning_weekend,saturday,farm, ,no,nothing_happens, , , , ,no, , ,prevention, ,no, , ,extreme_interest,"conservation_org, community_meeting", ,conservation_org, ,yes,strongly_agree,strongly_agree,strongly_agree,agree,strongly_agree, , , , ,no, ,no, , ,kws, ,strongly_agree,agree,strongly_disagree,strongly_agree, ,https://drive.google.com/open?id=1i8Y_xicFBqXXEFXjlqX5L-s37F7Y7_Jo,uuid:635cf1d1-59ee-4e31-88e9-0c59e8e1c55c
08/02/22 17:06,08/02/22 17:37,08/02/22, ,yes,"-0.3729429,39.6080429",143,5.25,sahal,garissa,raya,male,50 to 59,college,laborer, ,beyond_20 years,yes,owner,first_come,community,1991_2000,beyond_5km,less_5Ha,agriculture, ,"mangoes, lemons, bananas", ,yes,"destroy_property, destroy_crops", ,crops, ,dry,"dusk, night",increase,partial_loss,20 boxes,7 to 8 boxes,very_important,yes,"fence, guard, fire", ,moderately,Highly, ,moderately, , , ,Not that much effective to some extent, ,The are always alert to chase them away, , , , , , , , , , , ,yes,If helped financially increase the no. Of guards and impeove the fencing to brick wall,extreme_interest,Construction of brick walls,others,Has proved to be effective in some areas,financial_constraints, ,farmers_association, ,"information, technical_support, financial_support, training, permission", ,"farmer, local_govt, conservation_org", ,morning_weekend,sunday,farm, ,yes, , ,"farmers_association, kws, police_station, chief_office","verbally_in-person, phone", ,yes,no,not_satisfied,"compensation, prevention", ,no, , ,extreme_interest,"radio, community_meeting", ,others,Farm members,yes,no_opinion,no_opinion,strongly_agree,disagree,agree, , , , ,no, ,yes,"ggc, ihcc", ,"kws, hcp", ,agree,agree,disagree,agree, ,https://drive.google.com/open?id=1cq9NC72dOlpAA3wOvxcYYPh_t4JFoSNE,uuid:26ac1322-6664-41e4-9e79-d8381b6af026
09/02/22 10:15,09/02/22 10:45,09/02/22, ,yes,"-0.6117036,39.7824953",118.4194336,4.898,ifra,garissa,bour_algy,male,60 or older,informal,"pastoralist, farmer, others",Businessman,beyond_20 years,yes,owner,first_come,group,1991_2000,more_than_1km_but_less_than_2km,less_5Ha,"agriculture, grazing", ,"melon, lemons, mangoes, others",Guava,yes,"destroy_crops, destroy_property", ,"crops, river", ,dry,dusk,increase,partial_loss,Don't know,na,very_important,yes,guard, , ,not, , , , , , , , ,Giraffe still invade the farm, , , , , , , , , , ,yes,Concrete fence,no_interest, , , ,"expensive_equipment, lack_knowledge, financial_constraints", ,"farmers_association, government_institutions", ,"information, technical_support, financial_support, training", ,"conservation_org, local_govt", ,morning_weekdays,saturday,farm, ,no,nothing_happens, , , , ,no, , ,"prevention, compensation", ,no, , ,moderate_interest,radio, ,family, ,yes,agree,agree,no_opinion,strongly_agree,disagree, , , , ,no, ,yes,ggc, ,kws, ,agree,agree,disagree,agree, ,https://drive.google.com/open?id=1qXAWQSYyyElCImKshVDIiTBK3bmi92TS,uuid:a8358c2c-df06-4c4a-b297-71483bd2a942
09/02/22 10:46,09/02/22 11:03,09/02/22, ,yes,"-0.6117341,39.7825797",101.6140137,4.347,ifra,garissa,korakora,male,50 to 59,informal,"pastoralist, farmer", ,beyond_20 years,yes,owner,inherited,group,before_1980s,less_1km,less_5Ha,"agriculture, grazing", ,"mangoes, lemons, others",Guava,yes,"destroy_crops, destroy_property, spread_diseases", ,"crops, water", ,dry,dusk,increase,partial_loss,Don't know,na,moderately_important,yes,"fence, fire, propellas", ,not, , ,not, ,moderately, , ,Giraffe destroys the fence, , , , , ,Still invade, , ,Reduce Giraffe invasion, , , ,no, ,no_interest, , , ,"expensive_equipment, financial_constraints, lack_knowledge", ,"farmers_association, government_institutions, ngss", ,"information, technical_support, training, financial_support", ,"conservation_org, local_govt, farmer", ,morning_weekdays,sunday,farm, ,no,I_don't_know_where, , , , ,no, , ,prevention, ,no, , ,extreme_interest,community_meeting, ,family, ,yes,strongly_agree,strongly_agree,agree,agree,strongly_agree, , , , ,no, ,yes,"anr, ggc", ,kws, ,strongly_agree,strongly_agree,disagree,strongly_agree, ,https://drive.google.com/open?id=1fPywYQQM54t2ny2hSpTvXxZQ8YuwLCcX,uuid:cf91fed4-85a8-416c-8ba2-2a69281c27bf
09/02/22 11:06,09/02/22 11:27,09/02/22, ,yes,"-0.6113059,39.7819478",92.03973389,3.996,ifra,garissa,korakora,male,29 to 39,informal,"pastoralist, farmer", ,beyond_20 years,yes,owner,inherited,individual,2001_2010,more_than_1km_but_less_than_2km,less_5Ha,"agriculture, grazing", ,"melon, lemons, bananas, mangoes, vegetable", ,yes,"destroy_crops, destroy_property, spread_diseases", ,"crops, water", ,all_year_round,"dusk, night",increase,partial_loss,Don't know,na,very_important,yes,"propellas, guard", , ,not, , , ,moderately, , , , ,Giraffe don't fear live guard, , , , , , ,They thing it is trap, , , ,no, ,slight_interest,Pitfall to be use around the farm,easy_use, ,financial_constraints, ,"ngss, government_institutions, farmers_association, Indivudually", ,"information, technical_support, financial_support", ,"conservation_org, local_govt", ,morning_weekdays,sunday,farm, ,no,I_don't_know_where, , , , ,no, , ,"compensation, prevention", ,no, , ,extreme_interest,community_meeting, ,"family, others",Farm association,yes,strongly_agree,agree,agree,strongly_agree,strongly_agree, , , , ,no, ,yes,ggc, ,kws, ,strongly_agree,strongly_agree,strongly_agree,strongly_agree, ,https://drive.google.com/open?id=1sYoWvVtv8AwDbcmTrn8D44nUUAQsh6yt,uuid:8dfb28bc-ae5b-4695-88e5-bf5556dbd7ad
09/02/22 11:30,09/02/22 11:49,09/02/22, ,yes,"-0.6110674,39.7816539",98.32446289,3.85,ifra,garissa,korakora,female,40 to 49,informal,"farmer, pastoralist", ,beyond_20 years,yes,owner,first_come,group,1981_1990s,less_1km,less_5Ha,"agriculture, grazing", ,"mangoes, lemons", ,yes,destroy_crops, ,crops, ,dry,night,increase,partial_loss,Don't know,na,moderately_important,yes,fence, ,not, , , , , , , ,Still invade the farm, , , , , , , , , , , , ,no, ,moderate_interest,Concrete fence,others,Heard it is effective,"expensive_equipment, financial_constraints", ,"farmers_association, government_institutions, Indivudually", ,"information, technical_support, financial_support, training", ,"conservation_org, farmer", ,morning_weekdays,saturday,farm, ,no,"nothing_happens, I_don't_know_where", , , , ,no, , ,prevention, ,no, , ,extreme_interest,community_meeting, ,family, ,yes,strongly_agree,strongly_agree,agree,agree,strongly_agree, , , , ,no, ,no, , ,kws, ,agree,agree,disagree,agree, ,https://drive.google.com/open?id=1aEBcaOgl7D5pGfy3YPYf0BnCNVgm36gG,uuid:f342491a-3422-447e-bdc6-8eda4733c06a
09/02/22 11:55,09/02/22 12:10,09/02/22, ,yes,"-0.6117058,39.7813713",97.97277832,4.288,ifra,garissa,korakora,male,29 to 39,college,farmer, ,beyond_20 years,yes,owner,inherited,group,2011_2020,less_1km,less_5Ha,"agriculture, grazing", ,"lemons, melon, vegetable", ,no, , , , , , , , ,Don't Know, ,very_important,yes,fence, ,moderately, , , , , , ,Giraffe don't often come, , , , , , , , , , , , , ,yes,Concrete fence,no_interest, , , ,don't_know_other_methods, ,"government_institutions, Indivudually, farmers_association", ,information, ,"conservation_org, farmer", ,morning_weekdays,friday,chief_office, ,yes, , ,"kws, chief_office",verbally_in-person, ,no, , ,prevention, ,no, , ,extreme_interest,community_meeting, ,family, ,yes,strongly_agree,strongly_agree,strongly_agree,agree,strongly_agree, , , , ,no, ,no, , ,kws, ,strongly_agree,strongly_agree,agree,agree, ,https://drive.google.com/open?id=1O-Nv8CBcHJwDRSBOy1ArsJ-NbSXNh0l3,uuid:cc7e1b7c-d080-410b-95b6-d7ced9906713
09/02/22 12:35,09/02/22 12:55,09/02/22, ,yes,"-0.6116504,39.7835506",97.56005859,4.959,ifra,garissa,korakora,female,50 to 59,informal,farmer, ,beyond_20 years,yes,owner,first_come,group,2001_2010,less_1km,less_5Ha,"agriculture, grazing", ,"mangoes, lemons, melon, vegetable, others",Pawpaw,yes,"destroy_crops, destroy_property", ,"crops, water", ,dry,"dusk, night",increase,partial_loss,Don't know,NA,extremely_important,yes,"fence, propellas", ,moderately, , , , ,moderately, ,It's reduce by small chance, , , , , , , , , ,Act as a trap, , , ,no, ,moderate_interest,Wire fence,neighbour_uses, ,financial_constraints, ,"farmers_association, government_institutions, ngss", ,"information, financial_support", ,"farmer, conservation_org", ,morning_weekdays,monday,school, ,no,nothing_happens, , , , ,no, , ,prevention, ,no, , ,extreme_interest,community_meeting, ,family, ,yes,strongly_agree,strongly_agree,no_opinion,strongly_agree,strongly_agree, , , , ,no, ,no, , ,kws, ,strongly_agree,strongly_agree,disagree,agree, ,https://drive.google.com/open?id=1vY_tsyztxm0hk-E6Aj9-ZuXdY_r6uQWJ,uuid:e9e8cc62-80d7-4852-b5ec-c28b47c115df
07/02/22 09:25,07/02/22 09:59,07/02/22, ,yes,"-0.6256348,39.7885019",149.5,4.94,owino,garissa,korakora,male,50 to 59,informal,"farmer, government_employee", ,beyond_20 years,yes,owner,inherited,community,before_1980s,more_than_2km_but_less_than_3km,16_20Ha,agriculture, ,"mangoes, bananas, lemons, melon, vegetable, others",Guava,yes,"destroy_crops, threaten_human, destroy_property", ,"crops, river", ,dry,"dawn, dusk, night",increase,partial_loss,Na,Na,extremely_important,yes,"fence, guard, fire", ,not,moderately, ,not, , , , ,Giraffes break Break through fences since it is live fence,They can not always be around, , , , ,They come regardless, , , , , , ,no, ,slight_interest,Electictic fence,neighbour_uses, ,"expensive_equipment, financial_constraints", ,government_institutions, ,"information, training", ,conservation_org, ,morning_weekend,sunday,farm, ,yes, , ,"kws, chief_office",verbally_in-person, ,yes,no,not_satisfied,prevention, ,no, , ,extreme_interest,"community_meeting, conservation_org", ,conservation_org, ,no, , , , , ,strongly_agree,strongly_agree,strongly_agree,agree,no, ,yes,ggc, ,kws, ,strongly_agree,agree,strongly_agree,no_opinion, ,https://drive.google.com/open?id=16Bf5pegwlamRKFMWvBLFDip4TC2TITQm,uuid:96f8f462-465b-47cd-9084-38267a3f934a
07/02/22 09:59,07/02/22 10:31,07/02/22, ,yes,"-0.6255214,39.788396",94,5,owino,garissa,korakora,male,50 to 59,informal,"farmer, pastoralist", ,beyond_20 years,yes,owner,inherited,community,before_1980s,more_than_2km_but_less_than_3km,6_10Ha,agriculture, ,"mangoes, others, lemons, vegetable",Guava,yes,"destroy_crops, destroy_property", ,"crops, water, river", ,dry,"dawn, dusk, night",increase,partial_loss,Na,Na,very_important,yes,"fence, propellas, guard, fire", ,not,Highly, ,not, ,moderately, , ,It is live fence that giraffes can breakthrough,Only when they actively chase the and not sleep, , , , ,They still come even pass close to fire, , ,Giraffes that are not familiar run when they hear this but those used to it stay, , , ,yes,Fencing well,extreme_interest,Wall Fencing,easy_use, ,"expensive_equipment, financial_constraints", ,farmers_association, ,"financial_support, information", ,conservation_org, ,morning_weekend,sunday,farm, ,yes, , ,kws,verbally_in-person, ,yes,no,not_satisfied,prevention, ,no, , ,extreme_interest,community_meeting, ,conservation_org, ,yes,strongly_agree,strongly_agree,agree,agree,agree, , , , ,no, ,yes,ggc, ,kws, ,agree,strongly_agree,strongly_disagree,strongly_agree, ,https://drive.google.com/open?id=1r4xy02YLpaE5VYiXrxtV0u1FaoghwT8q,uuid:52ae0991-8885-44e1-a68f-f76eaac294ec
10/02/22 08:35,10/02/22 08:51,10/02/22, ,yes,"-0.6101079,39.7812041",86.25164795,4.824,ifra,garissa,korakora,male,50 to 59,primary,"farmer, others",Businessman,beyond_20 years,yes,owner,first_come,group,1981_1990s,more_than_1km_but_less_than_2km,less_5Ha,"agriculture, grazing", ,"vegetable, lemons, mangoes, melon", ,yes,"destroy_crops, destroy_property", ,"water, crops", ,dry,night,increase,partial_loss,Don't know,NA,moderately_important,yes,"guard, propellas", , ,moderately, , , ,moderately, , , ,You can manage to chase some, , , , , , , ,It produces sound that chase away Giraffes, , , ,no, ,moderate_interest,Wire fence,"easy_use, neighbour_uses", ,"financial_constraints, expensive_equipment", ,"farmers_association, government_institutions, ngss, Indivudually", ,"information, technical_support, financial_support", ,"conservation_org, local_govt, farmer", ,morning_weekdays,saturday,farm, ,yes, , ,"owner, kws",verbally_in-person, ,no, , ,"compensation, prevention", ,yes,community_meeting, ,extreme_interest,community_meeting, ,family, ,yes,strongly_agree,strongly_agree,strongly_agree,strongly_agree,strongly_agree, , , , ,no, ,yes,ggc, ,kws, ,strongly_agree,strongly_agree,disagree,strongly_agree, ,https://drive.google.com/open?id=1I76pcja6-W4jbWO0G60wHRdQ_4aVLU9f,uuid:678956e4-f5ff-4707-b442-3b63739f9a6d
10/02/22 08:53,10/02/22 09:02,10/02/22, ,yes,"-0.6098439,39.7806557",80.09405518,4.288,ifra,garissa,korakora,female,40 to 49,informal,"others, farmer",Business person,more_than_15_but_less_20_years,yes,owner,inherited,group,2001_2010,less_1km,less_5Ha,agriculture, ,"vegetable, mangoes, lemons, melon", ,yes,"destroy_crops, destroy_property", ,"crops, water", ,dry,"night, dusk",increase,partial_loss,Don't know,na,extremely_important,no, , , , , , , , , , , , , , , , , , , , , , , , , ,extreme_interest,Wire fence,neighbour_uses, ,"financial_constraints, expensive_equipment", ,"Indivudually, farmers_association", ,"information, financial_support, training, technical_support", ,"conservation_org, local_govt, farmer", ,afternoon_weekdays,friday,school, ,no,"I_don't_know_where, no_means", , , , ,no, , ,prevention, ,no, , ,moderate_interest,community_meeting, ,family, ,yes,strongly_agree,strongly_agree,strongly_agree,strongly_agree,strongly_agree, , , , ,no, ,no, , ,kws, ,strongly_agree,strongly_agree,disagree,strongly_agree, ,https://drive.google.com/open?id=15NTPlIqO4MeD_3LSOEtxkUnM-LCMHydm,uuid:ed407b54-4a78-4c5e-9dca-a4552661aa94
10/02/22 09:02,10/02/22 09:17,10/02/22, ,yes,"-0.6098201,39.7806717",83.68756104,4.987,ifra,garissa,korakora,male,29 to 39,informal,"farmer, pastoralist", ,beyond_20 years,yes,owner,first_come,group,1991_2000,more_than_1km_but_less_than_2km,less_5Ha,agriculture, ,"bananas, mangoes, lemons", ,yes,"destroy_crops, destroy_property", ,"crops, river", ,dry,"dusk, night",increase,partial_loss,Don't know,na,very_important,yes,"fence, guard", ,not,moderately, , , , , , ,It's local fence that giraffe can easily pass,Chase Giraffe away, , , , , , , , , , , ,yes,Replacing with wire fence,extreme_interest,Wire fence,easy_use, ,"financial_constraints, expensive_equipment", ,"Indivudually, farmers_association, government_institutions, ngss", ,"information, technical_support, financial_support, training", ,"conservation_org, local_govt, farmer", ,morning_weekdays,thursday,farm, ,yes, , ,owner,verbally_in-person, ,no, , ,"prevention, compensation", ,no, , ,extreme_interest,community_meeting, ,family, ,yes,strongly_agree,strongly_agree,agree,strongly_agree,strongly_agree, , , , ,no, ,yes,ggc, ,kws, ,strongly_agree,strongly_agree,disagree,agree, ,https://drive.google.com/open?id=1R32fF-i5spGHPM4RhLrlLkQjwsAhLNs9,uuid:e09074b6-c0df-4475-867d-ee1662beb3c9
10/02/22 09:18,10/02/22 09:29,10/02/22, ,yes,"-0.6098108,39.7806669",87.95635986,4.864,ifra,garissa,korakora,male,50 to 59,informal,"farmer, pastoralist", ,beyond_20 years,yes,owner,first_come,group,2001_2010,more_than_1km_but_less_than_2km,less_5Ha,"agriculture, grazing", ,"mangoes, lemons, others, vegetable, melon",Guava,yes,"destroy_crops, destroy_property", ,"river, crops", ,dry,night,increase,partial_loss,Don't know,na,extremely_important,no, , , , , , , , , , , , , , , , , , , , , , , , , ,extreme_interest,Wire fence,neighbour_uses, ,"expensive_equipment, financial_constraints", ,"farmers_association, government_institutions, ngss", ,"financial_support, technical_support, information", ,conservation_org, ,morning_weekdays,thursday,chief_office, ,yes, , ,"chief_office, kws",verbally_in-person, ,yes,yes,not_satisfied,prevention, ,no, , ,extreme_interest,community_meeting, ,family, ,yes,strongly_agree,strongly_agree,agree,agree,strongly_agree, , , , ,no, ,yes,ggc, ,kws, ,strongly_agree,strongly_agree,strongly_disagree,agree, ,https://drive.google.com/open?id=1gIRTLDH_C6--XGhlPxvJfgr55dqV9M89,uuid:c8c8cef7-334c-4d0c-9868-7df81ab3d7da
10/02/22 09:37,10/02/22 09:48,10/02/22, ,yes,"-0.6095025,39.7804126",100.8665771,4.922,ifra,garissa,korakora,male,60 or older,informal,farmer, ,beyond_20 years,yes,owner,inherited,group,1991_2000,less_1km,less_5Ha,"agriculture, grazing", ,"mangoes, lemons, vegetable", ,yes,destroy_crops, ,"crops, river", ,dry,night,increase,partial_loss,Don't know,na,very_important,yes,"guard, fence", ,not,moderately, , , , , , ,Giraffe can easily pass over the fence,Chase away Giraffe, , , , , , , , , , , ,no, ,no_interest, , , ,"expensive_equipment, financial_constraints", ,"Indivudually, farmers_association, government_institutions", ,"technical_support, financial_support", ,"conservation_org, farmer", ,morning_weekdays,saturday,farm, ,yes, , ,"owner, chief_office",verbally_in-person, ,no, , ,prevention, ,no, , ,extreme_interest,community_meeting, ,family, ,yes,strongly_agree,agree,strongly_agree,strongly_agree,strongly_agree, , , , ,no, ,yes,ggc, ,kws, ,strongly_agree,strongly_agree,disagree,agree, ,https://drive.google.com/open?id=1XUVA-fNYQPk3_CWa1Ktc6o2uTJx3hYQF,uuid:76d1868a-ba50-4ef8-8646-472d3cd79691
10/02/22 09:56,10/02/22 10:07,10/02/22, ,yes,"-0.6067187,39.778963",101.9268188,4.094,ifra,garissa,korakora,female,29 to 39,informal,"farmer, pastoralist", ,beyond_20 years,yes,owner,inherited,group,2001_2010,less_1km,less_5Ha,agriculture, ,mangoes, ,yes,"destroy_crops, destroy_property", ,"river, crops", ,dry,night,increase,partial_loss,Don't know,NA,very_important,yes,fence, ,not, , , , , , , ,Giraffe pass over the fence, , , , , , , , , , , , ,no, ,no_interest, , , ,"financial_constraints, expensive_equipment", ,"farmers_association, government_institutions, ngss, Indivudually", ,"information, technical_support, financial_support", ,"conservation_org, local_govt", ,morning_weekdays,saturday,farm, ,no,"I_don't_know_where, nothing_happens", , , , ,no, , ,"prevention, compensation", ,no, , ,extreme_interest,community_meeting, ,family, ,yes,strongly_agree,strongly_agree,strongly_agree,strongly_agree,strongly_agree, , , , ,no, ,no, , ,kws, ,agree,agree,no_opinion,agree, ,https://drive.google.com/open?id=1DxNSFaxnmN9bP4yPClc8Yj-Pjr3q2uAD,uuid:4309d393-a50a-47fd-aae0-99c46bb6fdf5
10/02/22 10:07,10/02/22 10:18,10/02/22, ,yes,"-0.6066822,39.778997",97.02709961,3.84,ifra,garissa,korakora,male,60 or older,informal,"farmer, pastoralist", ,beyond_20 years,yes,owner,purchased,group,2001_2010,more_than_1km_but_less_than_2km,less_5Ha,"agriculture, grazing", ,"lemons, vegetable", ,yes,"destroy_crops, destroy_property", ,river, ,dry,night,increase,partial_loss,Don't know,na,very_important,yes,fence, ,not, , , , , , , ,Pass over the fence, , , , , , , , , , , , ,no, ,extreme_interest,Wire fence,easy_use, ,"financial_constraints, expensive_equipment", ,"farmers_association, government_institutions", ,"information, financial_support, training", ,"conservation_org, local_govt, farmer", ,morning_weekdays,saturday,farm, ,yes, , ,kws,verbally_in-person, ,yes,no,not_satisfied,"prevention, compensation", ,no, , ,extreme_interest,community_meeting, ,family, ,yes,strongly_agree,strongly_agree,strongly_agree,agree,agree, , , , ,no, ,yes,ggc, ,kws, ,agree,strongly_agree,strongly_agree,strongly_agree, ,https://drive.google.com/open?id=1XYYEm1VWoyvcabU4LrAL8DKEgdq8FebN,uuid:d1772c8c-a553-45de-a8db-843e0003a873
10/02/22 10:18,10/02/22 10:25,10/02/22, ,yes,"-0.6066831,39.7789971",96.84069824,3.736,ifra,garissa,korakora,male,50 to 59,informal,"farmer, pastoralist", ,beyond_20 years,yes,owner,purchased,individual,1991_2000,more_than_1km_but_less_than_2km,less_5Ha,"agriculture, grazing", ,vegetable, ,yes,"destroy_crops, destroy_property", ,river, ,dry,"dusk, night",no_change,partial_loss,Don't know,na,extremely_important,no, , , , , , , , , , , , , , , , , , , , , , , , , ,extreme_interest,Wire fence,easy_use, ,"expensive_equipment, financial_constraints", ,"Indivudually, government_institutions, ngss", ,"information, technical_support, financial_support, training", ,"conservation_org, local_govt", ,morning_weekdays,saturday,farm, ,yes, , ,kws,verbally_in-person, ,yes,no,not_satisfied,"prevention, compensation", ,no, , ,extreme_interest,community_meeting, ,family, ,yes,strongly_agree,strongly_agree,no_opinion,strongly_agree,strongly_agree, , , , ,no, ,yes,ggc, ,kws, ,agree,agree,strongly_disagree,strongly_agree, ,https://drive.google.com/open?id=16cnn-lMwZ59Q7R5Zj3Q-rLxeN2GL621v,uuid:6f6bdffd-53e4-48a3-a216-95ee45f60791
10/02/22 10:25,10/02/22 10:37,10/02/22, ,yes,"-0.6067537,39.7788984",86.61895752,4.347,ifra,garissa,korakora,female,40 to 49,informal,"farmer, pastoralist, others",Business person,beyond_20 years,yes,owner,purchased,group,2001_2010,more_than_1km_but_less_than_2km,less_5Ha,agriculture, ,"mangoes, lemons, melon", ,yes,"destroy_crops, destroy_property", ,"crops, river", ,dry,night,increase,partial_loss,Don't know,na,very_important,yes,fence, ,not, , , , , , , ,Destroys the temporary fence, , , , , , , , , , , , ,yes,Permanent fencing,extreme_interest,Concrete fence,easy_use, ,"expensive_equipment, financial_constraints", ,"Indivudually, farmers_association, government_institutions, ngss", ,"information, technical_support, financial_support, training", ,"conservation_org, local_govt, farmer", ,morning_weekdays,saturday,farm, ,yes, , ,"kws, chief_office",verbally_in-person, ,yes,no,not_satisfied,"compensation, prevention, others",Capacity building,no, , ,extreme_interest,community_meeting, ,family, ,yes,strongly_agree,agree,agree,strongly_agree,agree, , , , ,no, ,yes,ggc, ,kws, ,agree,strongly_agree,strongly_disagree,agree, ,https://drive.google.com/open?id=1SNDO7KHYJSD_pliq4VOfSkS7YqadAZhG,uuid:67814670-c7b6-4a27-80a9-99528a49ad63
10/02/22 10:39,10/02/22 10:51,10/02/22, ,yes,"-0.6064287,39.7792677",113.7807007,4.912,ifra,garissa,korakora,female,60 or older,informal,"farmer, pastoralist", ,beyond_20 years,yes,owner,inherited,group,1991_2000,more_than_1km_but_less_than_2km,less_5Ha,agriculture, ,"mangoes, lemons, bananas, vegetable", ,yes,"destroy_crops, destroy_property", ,"crops, river", ,dry,"night, dusk",increase,partial_loss,Don't know,na,very_important,yes,guard, , ,moderately, , , , , , , ,They somehow manage to chase away, , , , , , , , , , , ,no, ,extreme_interest,Wire fence,easy_use, ,"expensive_equipment, financial_constraints", ,"Indivudually, farmers_association, government_institutions, ngss", ,"information, technical_support, financial_support, training", ,"local_govt, farmer, conservation_org", ,morning_weekdays,saturday,farm, ,no,I_don't_know_where, , , , ,no, , ,compensation, ,no, , ,extreme_interest,community_meeting, ,family, ,yes,agree,agree,agree,agree,agree, , , , ,no, ,yes,ggc, ,kws, ,agree,agree,disagree,agree, ,https://drive.google.com/open?id=11Fu1XgTpTqtU4QHhwyKksQ4wReP4GfNG,uuid:b2e488df-ff45-4812-8629-10eac8f22929
10/02/22 11:03,10/02/22 11:16,10/02/22, ,yes,"-0.6105886,39.7813845",93.62115479,3.9,ifra,garissa,korakora,female,29 to 39,informal,"farmer, others",Tailor,beyond_20 years,yes,owner,inherited,group,2001_2010,more_than_1km_but_less_than_2km,less_5Ha,agriculture, ,"mangoes, lemons, others",Guava,no, , , , , , , , ,Don't know, ,not important,yes,"fence, guard", ,Highly,Highly, , , , , ,Prevent Giraffe from entering the farm, ,Assist in chasing away the Giraffes, , , , , , , , , , , ,no, ,no_interest, , , ,"don't_know_other_methods, accustomed_to_current_methods", ,"Indivudually, farmers_association, government_institutions, ngss", ,"information, technical_support, financial_support, training", ,"conservation_org, local_govt", ,morning_weekdays,saturday,school, ,no,others,My farm is located at the middle of farm therefore am not affected by Giraffe, , , ,no, , ,prevention, ,no, , ,no_interest,community_meeting, ,family, ,yes,agree,agree,agree,agree,agree, , , , ,no, ,no, , ,kws, ,no_opinion,agree,strongly_disagree,agree, ,https://drive.google.com/open?id=1f8ApBp38VE9Zuy8veeirc-FEjy_2FTLk,uuid:cd466767-e7eb-4165-b1c6-4d7994ec2773
10/02/22 11:20,10/02/22 11:31,10/02/22, ,yes,"-0.6115064,39.7822647",109.8929443,4.441,ifra,garissa,korakora,female,29 to 39,college,"farmer, others",Teacher,beyond_20 years,yes,owner,inherited,group,2001_2010,less_1km,less_5Ha,agriculture, ,"mangoes, lemons, others",Guava,yes,"destroy_crops, destroy_property", ,"crops, river", ,dry,night,increase,partial_loss,Don't know,NA,very_important,yes,fence, ,not, , , , , , , ,Temporary fence that Giraffe can pass over, , , , , , , , , , , , ,yes,Constructing perimeter wall,extreme_interest,Perimeter wall,others,Completely prevent Giraffe invasion,"expensive_equipment, financial_constraints", ,"farmers_association, government_institutions, ngss, Indivudually", ,"technical_support, financial_support", ,"conservation_org, local_govt, farmer", ,morning_weekdays,saturday,farm, ,no,nothing_happens, , , , ,yes,no,not_satisfied,prevention, ,no, , ,extreme_interest,community_meeting, ,family, ,yes,strongly_agree,strongly_agree,strongly_agree,strongly_agree,strongly_agree, , , , ,no, ,yes,"ggc, anr", ,kws, ,strongly_agree,agree,strongly_disagree,agree, ,https://drive.google.com/open?id=1pUGkFx_qbfT50EyMJrGNOAT1j1H4CF_A,uuid:86188d26-dea3-4af7-8f6c-c9a4868613d1
10/02/22 11:50,10/02/22 12:02,10/02/22, ,yes,"-0.611584,39.7825837",101.0857544,4.987,ifra,garissa,korakora,female,29 to 39,informal,"farmer, others",Business person,beyond_20 years,yes,owner,first_come,group,2001_2010,less_1km,less_5Ha,agriculture, ,"lemons, mangoes", ,yes,destroy_crops, ,"crops, river", ,dry,"dusk, night",increase,partial_loss,Don't know,na,very_important,no, , , , , , , , , , , , , , , , , , , , , , , , , ,extreme_interest,Wire fence,neighbour_uses, ,expensive_equipment, ,"Indivudually, farmers_association, government_institutions, ngss", ,"information, technical_support, financial_support, training", ,"conservation_org, local_govt, farmer", ,afternoon_weekend,saturday,farm, ,no,I_don't_know_where, , , , ,no, , ,prevention, ,no, , ,extreme_interest,community_meeting, ,family, ,yes,strongly_agree,strongly_agree,strongly_agree,agree,agree, , , , ,no, ,yes,ggc, ,kws, ,agree,agree,disagree,agree, ,https://drive.google.com/open?id=1C50HiHBr-YzROfg324APMN1wVupNFU5r,uuid:8d643bd1-0c72-4d02-85a4-da8408c71576
11/02/22 12:17,11/02/22 12:41,11/02/22, ,yes,"-0.454881,39.6422759",121,5,sahal,garissa,bula_adc,male,50 to 59,primary,farmer, ,more than_10_but_less_15_years,yes,owner,purchased,group,2001_2010,more_than_2km_but_less_than_3km,less_5Ha,agriculture, ,"mangoes, bananas, melon, lemons", ,yes,"destroy_crops, destroy_property", ,crops, ,dry,"dusk, night",increase,partial_loss,9 bags,Some times 5-6bags,extremely_important,yes,"fence, guard", ,not,moderately, , , , , , ,Breaks easily and expensive to maintain,They. Chase away upon seeing them, , , , , , , , , , , ,yes,Through government support in taking care of the girraffes not to trespass. Into our farms,extreme_interest,I don't know for now,others,"I  Have always depended on live guards, it's the only way I know for now",don't_know_other_methods, ,"farmers_association, government_institutions, ngss", ,"information, technical_support, financial_support, training, permission", ,"conservation_org, local_govt, farmer", ,morning_weekend,sunday,farm, ,yes, , ,"kws, chief_office, farmers_association",verbally_in-person, ,yes,no,not_satisfied,"compensation, prevention", ,no, , ,extreme_interest,"radio, community_meeting, conservation_org", ,family, ,yes,agree,agree,strongly_agree,no_opinion,agree, , , , ,no, ,yes,"ggc, bec, anr, ihcc, rnr", ,kws, ,agree,agree,disagree,agree, ,https://drive.google.com/open?id=1eIbZswfH1ReGnY3QZb3IESWQzND8RREg,uuid:d296f5c8-ba29-42a2-a591-63e3cfd45d22
11/02/22 15:47,11/02/22 16:00,11/02/22, ,yes,"-0.4428211,39.6410508",126.6,4.666,sahal,garissa,bula_adc,male,40 to 49,secondary,farmer, ,more_than_5_but_less_10 years,yes,owner,inherited,community,2011_2020,less_1km,less_5Ha,agriculture, ,"mangoes, melon, lemons", ,yes,"destroy_crops, destroy_property", ,crops, ,dry,"dusk, night",increase,total_loss,5sacks,"2 sometimes 1, sometimes I get nothing",extremely_important,yes,"fire, fence, guard", ,not,moderately, ,moderately, , , , ,Destroyed easily by the girraffe,They are always there to chase them away, , , ,Not that much effective, , , , , , , ,no, ,extreme_interest,I don't know for now,others,I don't know of any new method,don't_know_other_methods, ,"ngss, government_institutions, farmers_association", ,"information, technical_support, financial_support, training", ,"local_govt, farmer, conservation_org", ,afternoon_weekend,saturday,farm, ,yes, , ,"chief_office, police_station, kws, farmers_association",verbally_in-person, ,yes,no,not_satisfied,compensation, ,no, , ,moderate_interest,"radio, community_meeting", ,family, ,yes,agree,agree,agree,no_opinion,agree, , , , ,no, ,no, , ,none, ,agree,agree,disagree,agree, ,https://drive.google.com/open?id=129KnjmhVc1hsjZYYlE92d_ZBC1BaQg7C,uuid:68e027be-fe1d-4681-8d92-fcf496b0b913
13/02/22 10:51,13/02/22 11:10,13/02/22, ,yes,"-0.3787298,39.6219718",0,4199.999,sahal,garissa,raya,female,40 to 49,informal,"pastoralist, farmer", ,more than_10_but_less_15_years,yes,owner,inherited,group,2001_2010,more_than_1km_but_less_than_2km,less_5Ha,"grazing, agriculture", ,"mangoes, lemons", ,yes,"destroy_crops, destroy_property", ,crops, ,dry,"dusk, night",increase,total_loss,6sacks,Zero sacks,extremely_important,yes,"fence, guard, fire", ,moderately,moderately, ,moderately, , , ,Not that much effective, ,Some times not effective due to fear, , , , , , , , , , , ,yes,Barbed wire,extreme_interest,Fencing with wires,neighbour_uses, ,"expensive_equipment, financial_constraints", ,farmers_association, ,"information, financial_support", ,farmer, ,morning_weekend,sunday,farm, ,yes, , ,kws,verbally_in-person, ,yes,no,not_satisfied,compensation, ,no, , ,extreme_interest,"radio, community_meeting", ,owner, ,yes,agree,strongly_agree,strongly_agree,no_opinion,agree, , , , ,no, ,no, , ,sgp, ,strongly_agree,strongly_agree,strongly_disagree,strongly_agree, ,https://drive.google.com/open?id=1dlf71_hHbmeW6rJJ4I2X7_drWF4zIwJL,uuid:0146de8b-1d97-48a0-8733-56829fa066eb
13/02/22 11:39,13/02/22 16:32,13/02/22, ,yes,"-0.3860005,39.6131268",142.6,4.693,sahal,garissa,raya,male,18 to 28,informal,"pastoralist, farmer", ,more than_10_but_less_15_years,yes,owner,first_come,group,2001_2010,more_than_1km_but_less_than_2km,6_10Ha,"agriculture, grazing", ,"mangoes, bananas, melon, lemons", ,yes,"destroy_crops, destroy_property", ,"crops, water, river", ,dry,"dusk, night",increase,total_loss,20bags,4-5 bags or even less,extremely_important,yes,"fence, guard, guard_dog, fire", ,not,moderately,moderately,moderately, , , , ,Breaks easily,Always present to chase them away, ,They alert you once invaded, , , , , , , , , ,yes,Through financial support to have barbed wire fence,extreme_interest,Fencing with barbed wire,neighbour_uses, ,"financial_constraints, expensive_equipment", ,"farmers_association, government_institutions, ngss", ,"information, technical_support, financial_support, training", ,"farmer, conservation_org", ,afternoon_weekend,sunday,farm, ,yes, , ,kws,verbally_in-person, ,yes,no,not_satisfied,"compensation, prevention", ,no, , ,extreme_interest,"radio, community_meeting", ,owner, ,yes,agree,agree,agree,agree,agree, , , , ,no, ,no, , ,none, ,agree,agree,disagree,strongly_agree, ,https://drive.google.com/open?id=1OBw8NF2sZ50gqAZRpsKwqigZHKGYR_cR,uuid:f9ef9d95-2ffe-4c44-8261-ed8b46de507b
13/02/22 17:53,13/02/22 18:04,13/02/22, ,yes,"-0.3809233,39.6215023",126.4,4.975,sahal,garissa,raya,male,40 to 49,informal,farmer, ,more_than_15_but_less_20_years,yes,owner,inherited,community,2001_2010,more_than_1km_but_less_than_2km,6_10Ha,agriculture, ,"mangoes, bananas, lemons", ,yes,"destroy_crops, destroy_property", ,"crops, water", ,dry,"dusk, night",increase,total_loss,7bags,0-1bags,extremely_important,yes,"fence, guard", ,moderately,moderately, , , , , ,Not that much effective for now, ,Always alert to chase them away, , , , , , , , , , , ,yes,Fencing using barbed wire,extreme_interest,Fencing using barbed wire,neighbour_uses, ,"expensive_equipment, financial_constraints", ,"farmers_association, government_institutions, ngss", ,"information, technical_support, financial_support, training", ,farmer, ,afternoon_weekend,sunday,farm, ,yes, , ,kws,verbally_in-person, ,yes,no,not_satisfied,compensation, ,no, , ,extreme_interest,"radio, community_meeting", ,owner, ,yes,agree,agree,agree,no_opinion,agree, , , , ,no, ,no, , ,none, ,agree,agree,disagree,agree, ,https://drive.google.com/open?id=1TD8Kn-Fuma4ue9pMLcGTOzNvLUl_fcsh,uuid:fa2b5281-f3c4-4f2d-ab92-daefe3ef7dc9
13/02/22 18:04,13/02/22 18:13,13/02/22, ,yes,"-0.3866042,39.6183247",130.4,4.78,sahal,garissa,raya,male,40 to 49,informal,farmer, ,more_than_15_but_less_20_years,yes,owner,inherited,community,2001_2010,more_than_1km_but_less_than_2km,less_5Ha,"agriculture, grazing", ,"mangoes, bananas, melon, lemons", ,yes,"destroy_crops, destroy_property", ,"crops, water", ,dry,"night, dusk",increase,total_loss,10bags,3or 4bags,extremely_important,yes,"fence, guard", ,not,moderately, , , , , , ,To weak breaks easily,Always there to chase the girraffes away, , , , , , , , , , , ,yes,Fencing using barbed wire,extreme_interest,Fencing using barbed wire,neighbour_uses, ,"expensive_equipment, financial_constraints", ,"farmers_association, government_institutions, ngss", ,"information, technical_support, financial_support, training", ,farmer, ,afternoon_weekend,sunday,farm, ,yes, , ,kws,verbally_in-person, ,yes,no,not_satisfied,compensation, ,no, , ,moderate_interest,"community_meeting, radio", ,family, ,yes,agree,agree,agree,no_opinion,agree, , , , ,no, ,no, , ,none, ,agree,agree,agree,agree, ,https://drive.google.com/open?id=1zyFLx-FHmg9wEnB_QG7veLe2wEdOAURs,uuid:7995149a-8376-4a64-9774-5533d799dec8
13/02/22 18:13,13/02/22 18:20,13/02/22, ,yes,"-0.3866518,39.6183939",151.4,4.572,sahal,garissa,raya,male,50 to 59,informal,farmer, ,more_than_15_but_less_20_years,yes,owner,inherited,community,2001_2010,more_than_1km_but_less_than_2km,less_5Ha,agriculture, ,"mangoes, bananas, melon, lemons", ,yes,"destroy_crops, destroy_property", ,"crops, water", ,dry,"dusk, night",increase,total_loss,15bags,3bags,extremely_important,yes,"fence, guard, guard_dog", ,not,moderately,moderately, , , , , ,Breaks easily,Present to prevent invasion, ,Alert you in case of invasion, , , , , , , , , ,yes,Fencing using barbed wire,extreme_interest,Fencing using barbed wire,neighbour_uses, ,"expensive_equipment, financial_constraints, lack_knowledge", ,"farmers_association, government_institutions, ngss", ,"technical_support, financial_support, training", ,"farmer, local_govt, conservation_org", ,afternoon_weekend,saturday,farm, ,yes, , ,kws,verbally_in-person, ,yes,no,not_satisfied,compensation, ,no, , ,moderate_interest,"radio, community_meeting", ,family, ,yes,agree,agree,agree,no_opinion,agree, , , , ,no, ,no, , ,none, ,agree,agree,disagree,agree, ,https://drive.google.com/open?id=1t9w9GYFK8q3row3_WGaBjV0ZtPGpiKXB,uuid:b2874eff-a1af-4294-9973-750de1f61434
13/02/22 18:21,13/02/22 18:30,13/02/22, ,yes,"-0.3866499,39.6183941",151.4,4.682,sahal,garissa,raya,male,50 to 59,informal,farmer, ,more than_10_but_less_15_years,yes,owner,govt_issued,community,2001_2010,more_than_1km_but_less_than_2km,less_5Ha,agriculture, ,"mangoes, melon, lemons", ,yes,"destroy_crops, destroy_property", ,"crops, water", ,dry,"dusk, night",increase,total_loss,12bags,Nil,extremely_important,yes,fence, ,moderately, , , , , , ,Not that much effective, , , , , , , , , , , , , ,yes,Fencing using barbed wire,extreme_interest,Fencing with barbed wire,neighbour_uses, ,"expensive_equipment, financial_constraints", ,"farmers_association, government_institutions, ngss", ,"technical_support, financial_support, training", ,"farmer, local_govt", ,afternoon_weekend,sunday,farm, ,yes, , ,kws,verbally_in-person, ,yes,no,extremely_satisfied,compensation, ,no, , ,extreme_interest,"radio, community_meeting", ,family, ,yes,agree,agree,agree,no_opinion,no_opinion, , , , ,no, ,no, , ,none, ,agree,agree,disagree,agree, ,https://drive.google.com/open?id=1WohC54t8nwdyr-ZG51x3Nojgpkfdc5c7,uuid:1fd51e21-7e7a-4792-8d66-82d49ccc4916
13/02/22 18:30,13/02/22 18:39,13/02/22, ,yes,"-0.3865463,39.6183335",123.8,4.66,sahal,garissa,raya,male,50 to 59,informal,farmer, ,more than_10_but_less_15_years,yes,owner,govt_issued,community,1991_2000,more_than_1km_but_less_than_2km,6_10Ha,"agriculture, grazing", ,"mangoes, bananas, vegetable, melon, lemons", ,yes,"destroy_crops, destroy_property", ,"crops, water", ,dry,"dusk, night",increase,partial_loss,15bags,Sometimes 5bags,extremely_important,yes,"fence, guard", ,moderately,moderately, , , , , ,Not that much effective.  Breaks easily, ,They chase the girraffes when invaded, , , , , , , , , , , ,yes,Fencing using barbed wire,extreme_interest,Fencing using barbed wire,neighbour_uses, ,"expensive_equipment, financial_constraints", ,"farmers_association, government_institutions, ngss", ,"information, technical_support, financial_support, training", ,farmer, ,afternoon_weekend,sunday,farm, ,yes, , ,kws,verbally_in-person, ,yes,no,not_satisfied,compensation, ,no, , ,extreme_interest,"radio, community_meeting", ,family, ,yes,agree,agree,agree,no_opinion,agree, , , , ,no, ,no, , ,none, ,agree,agree,disagree,agree, ,https://drive.google.com/open?id=1WejMvtHMnD7i-RAPIZnz_Mky_AiXyyuv,uuid:e9f1fb7b-5281-4004-bba6-f2c355aed507
17/02/22 13:49,17/02/22 14:00,17/02/22, ,yes,"-0.3842393,39.6180895",124.7,4.85,sahal,garissa,raya,female,50 to 59,informal,farmer, ,beyond_20 years,yes,owner,first_come,group,2001_2010,more_than_1km_but_less_than_2km,less_5Ha,"agriculture, grazing", ,"mangoes, lemons", ,yes,"destroy_crops, destroy_property", ,"crops, water", ,dry,"dusk, night",increase,total_loss,50 boxes,Less than 5,extremely_important,no, , , , , , , , , , , , , , , , , , , , , , , , , ,extreme_interest,Government support in stopping them,kws_use, ,don't_know_other_methods, ,"farmers_association, ngss", ,"information, financial_support, training", ,"farmer, local_govt, conservation_org", ,morning_weekend,sunday,farm, ,yes, , ,kws,verbally_in-person, ,yes,no,not_satisfied,compensation, ,no, , ,extreme_interest,"radio, community_meeting", ,family, ,yes,agree,agree,agree,no_opinion,agree, , , , ,no, ,no, , ,none, ,agree,agree,disagree,agree, ,https://drive.google.com/open?id=1bVSgETU8hu20hXePZpme71FA_FuKSuuf,uuid:7c736568-57a2-4387-928a-ee9cbf0dea5a
17/02/22 15:03,17/02/22 15:13,17/02/22, ,yes,"-0.3613,39.6102045",133.5,8.5,sahal,garissa,raya,female,50 to 59,informal,farmer, ,more_than_5_but_less_10 years,yes,owner,inherited,group,2011_2020,more_than_2km_but_less_than_3km,less_5Ha,"agriculture, grazing", ,"mangoes, lemons", ,yes,"destroy_crops, destroy_property", ,"crops, water", ,all_year_round,"dusk, night",increase,total_loss,50box,Less than 5 sometimes,extremely_important,no, , , , , , , , , , , , , , , , , , , , , , , , , ,extreme_interest,I don't know,others,I don't know,don't_know_other_methods, ,"farmers_association, government_institutions, ngss", ,"information, technical_support, financial_support, training", ,"conservation_org, local_govt", ,morning_weekend,sunday,farm, ,no,I_don't_know_where, , , , ,no, , ,compensation, ,no, , ,extreme_interest,"radio, community_meeting", ,family, ,yes,agree,agree,agree,agree,agree, , , , ,no, ,no, , ,none, ,agree,agree,disagree,agree, ,https://drive.google.com/open?id=1ylIXAtYm6rxqRAlX_qd_h60XK_RuzXwl,uuid:3be31bbc-0428-4063-9af0-541bbab957c1
17/02/22 15:20,17/02/22 15:32,17/02/22, ,yes,"-0.3610168,39.6100032",144.9,5,sahal,garissa,raya,female,50 to 59,informal,farmer, ,beyond_20 years,yes,owner,govt_issued,group,1991_2000,more_than_1km_but_less_than_2km,less_5Ha,"agriculture, grazing", ,"mangoes, lemons, bananas", ,yes,"destroy_crops, destroy_property", ,"crops, water", ,dry,"dusk, night",increase,total_loss,30b0xes,Less than 5 sometimes,extremely_important,no, , , , , , , , , , , , , , , , , , , , , , , , , ,extreme_interest,I don't know,others,I don't know,don't_know_other_methods, ,"farmers_association, government_institutions, ngss", ,"information, technical_support, financial_support, training", ,"farmer, conservation_org", ,morning_weekend,saturday,farm, ,no,nothing_happens, , , , ,no, , ,compensation, ,no, , ,extreme_interest,"radio, community_meeting", ,family, ,yes,agree,agree,agree,no_opinion,agree, , , , ,no, ,no, , ,none, ,agree,agree,disagree,agree, ,https://drive.google.com/open?id=1UzLeMoyfjy7l0WP8x9-AZ6Vv5D2EZkxM,uuid:a000a7fe-dfdb-496a-97ee-a636357108ad
17/02/22 15:38,17/02/22 15:49,17/02/22, ,yes,"-0.3608759,39.6098013",70.8,7.625,sahal,garissa,raya,male,50 to 59,informal,farmer, ,beyond_20 years,yes,owner,first_come,group,2001_2010,more_than_1km_but_less_than_2km,less_5Ha,"agriculture, grazing", ,"mangoes, lemons, vegetable", ,yes,"destroy_crops, destroy_property", ,"crops, water", ,dry,"dusk, night",increase,total_loss,60 boxes,Less than 10,extremely_important,no, , , , , , , , , , , , , , , , , , , , , , , , , ,extreme_interest,Fencing using blocks,neighbour_uses, ,"expensive_equipment, financial_constraints, lack_knowledge", ,"Indivudually, farmers_association", ,"information, technical_support, financial_support, training", ,"conservation_org, local_govt, farmer", ,morning_weekend,sunday,farm, ,yes, , ,kws,verbally_in-person, ,yes,no,not_satisfied,compensation, ,no, , ,extreme_interest,"radio, community_meeting", ,family, ,yes,agree,agree,agree,no_opinion,agree, , , , ,no, ,no, , ,none, ,agree,agree,disagree,agree, ,https://drive.google.com/open?id=1SQ0gRA665QMZssI-4cwCvU53ib8bUf4D,uuid:1c5e66db-60b6-41aa-8baf-16c951e3bf99
17/02/22 15:49,17/02/22 15:57,17/02/22, ,yes,"-0.361057,39.609954",178.3,4.883,sahal,garissa,raya,female,60 or older,informal,farmer, ,beyond_20 years,yes,owner,govt_issued,group,1981_1990s,more_than_1km_but_less_than_2km,less_5Ha,"agriculture, grazing", ,"mangoes, lemons", ,yes,"destroy_crops, destroy_property", ,"crops, water", ,dry,"dusk, night",increase,total_loss,50 boxes,Less  than 5 sometimes,extremely_important,no, , , , , , , , , , , , , , , , , , , , , , , , , ,extreme_interest,I don't know,others,I don't know of any method  for now,don't_know_other_methods, ,"Indivudually, farmers_association, government_institutions", ,"technical_support, training, financial_support, information", ,"conservation_org, farmer", ,morning_weekend,saturday,farm, ,no,I_don't_know_where, , , , ,no, , ,compensation, ,no, , ,extreme_interest,"radio, community_meeting", ,family, ,yes,strongly_agree,strongly_agree,strongly_agree,no_opinion,agree, , , , ,no, ,no, , ,none, ,strongly_agree,strongly_agree,disagree,strongly_agree, ,https://drive.google.com/open?id=1_k9TkIaIWLitWPvdDQOXN4aHTJEpQJU4,uuid:880b24f2-191b-4e81-96d7-e323128615cc
18/02/22 09:06,18/02/22 09:42,18/02/22, ,yes,"-0.5520361,39.7083234",103.8,4.7,owino,garissa,jarirot,male,60 or older,informal,"farmer, pastoralist", ,beyond_20 years,yes,owner,first_come,group,2011_2020,less_1km,less_5Ha,agriculture, ,"mangoes, bananas, melon", ,yes,destroy_crops, ,"crops, river, water", ,dry,night,increase,partial_loss,Doesn't know,Na,extremely_important,yes,"guard, fence, fire", ,not,Highly, ,not, , , , ,Giraffes breakthrough regardless,They chase them but they still come, , , , ,Giraffe seem not to be afraid of fire, , , , , , ,no, ,extreme_interest,Electric fence,"available, easy_use", ,"expensive_equipment, financial_constraints", ,government_institutions, ,"information, training, financial_support", ,conservation_org, ,morning_weekend,sunday,farm, ,no,nothing_happens, , , , ,yes,no,not_satisfied,"compensation, prevention", ,no, , ,extreme_interest,community_meeting, ,"family, conservation_org", ,no, , , , , ,strongly_agree,strongly_agree,agree,strongly_agree,no, ,yes,ggc, ,kws, ,disagree,disagree,agree,strongly_disagree, ,https://drive.google.com/open?id=18E6rV6YFt6BZEStIaABqSIdzwnAfJGJZ,uuid:3074b183-5187-4305-ad01-ed4b339af487
18/02/22 10:00,18/02/22 10:33,18/02/22, ,yes,"-0.5606258,39.7115307",114.6,4.96,owino,garissa,jarirot,male,60 or older,informal,"farmer, pastoralist", ,beyond_20 years,yes,owner,purchased,group,1991_2000,more_than_1km_but_less_than_2km,less_5Ha,agriculture, ,"mangoes, melon, bananas", ,yes,"destroy_crops, destroy_property", ,"river, crops", ,dry,"night, dusk",increase,partial_loss,No idea,Na,extremely_important,yes,"fence, guard", ,not,moderately, , , , , , ,Giraffe circle around to find openings or even breakthrough fence,Sometime they sleep and giraffes comes in but they chase them when awake, , , , , , , , , , , ,yes,Wire fencing,extreme_interest,Fencing with wire,"neighbour_uses, easy_use, available", ,"financial_constraints, expensive_equipment", ,government_institutions, ,"information, training, financial_support", ,"conservation_org, others",Agricultural people,morning_weekend,saturday,farm, ,no,nothing_happens, , , , ,no, , ,"compensation, prevention", ,no, , ,extreme_interest,community_meeting, ,others,Farmers associations,yes,strongly_agree,strongly_agree,agree,no_opinion,agree, , , , ,no, ,yes,ggc, ,kws, ,strongly_agree,agree,strongly_disagree,strongly_agree, ,https://drive.google.com/open?id=1Om-N-uxmIvDul_wayYOW2sMxz7_n_XZU,uuid:11da661d-ef51-4220-a651-ac3c2cd01cc3
18/02/22 10:39,18/02/22 11:23,18/02/22, ,yes,"-0.5606021,39.7119224",113.8,4.816,owino,garissa,jarirot,male,50 to 59,informal,"farmer, pastoralist", ,beyond_20 years,yes,owner,purchased,individual,1981_1990s,less_1km,less_5Ha,agriculture, ,"bananas, mangoes", ,yes,"destroy_crops, destroy_property", ,"crops, water, river", ,dry,"night, dawn",increase,partial_loss,No sure,Na,extremely_important,yes,"fence, guard, others",Torch at the corners of farms,not,moderately, , , , ,extremely, ,They breakthrough,They chase them but not always, , , , , , , , , ,Torch indicate presence of human and giraffe are afraid humans, ,yes,Increase number of flashlight,extreme_interest,Fencing wire and clear Bush for visibility,"available, easy_use", ,"expensive_equipment, financial_constraints", ,"farmers_association, ngss, government_institutions", ,"financial_support, training", ,conservation_org, ,morning_weekend,saturday,farm, ,no,nothing_happens, , , , ,yes,no,not_satisfied,prevention, ,no, , ,extreme_interest,"conservation_org, community_meeting", ,family, ,yes,strongly_agree,agree,strongly_agree,agree,agree, , , , ,no, ,yes,ggc, ,kws, ,strongly_agree,agree,strongly_disagree,strongly_agree, ,https://drive.google.com/open?id=1DLFkHPDeb3KJNExA5AVhHaxdN-f9hrJa,uuid:1802daaf-5399-4788-a73f-1488fdb485a9
19/02/22 09:35,19/02/22 10:24,19/02/22, ,yes,"-0.5754167,39.6879481",88.5,5.333,owino,garissa,jarirot,male,40 to 49,informal,farmer, ,beyond_20 years,yes,owner,purchased,individual,2001_2010,less_1km,less_5Ha,agriculture, ,"mangoes, bananas, melon", ,yes,destroy_crops, ,"crops, river", ,dry,"night, dawn",increase,total_loss,Not sure,Na,very_important,yes,"guard, fence, fire, others",Flashlight,moderately,Highly, ,moderately, , ,extremely,Only when installed properly, ,They chase but still come around, , , ,Giraffe avoid entering where there is fire but go around in dark area, , , , , ,Show that there is somebody around, ,yes,Electric fence could help,extreme_interest,Electric fence,"available, easy_use", ,"expensive_equipment, financial_constraints, lack_knowledge", ,farmers_association, ,"technical_support, financial_support, training", ,local_govt, ,morning_weekdays,monday,school, ,no,nothing_happens, , , , ,yes,no,not_satisfied,prevention, ,no, , ,extreme_interest,community_meeting, ,"family, others",Farmers associations,yes,agree,agree,agree,agree,agree, , , , ,no, ,no, , ,kws, ,agree,agree,strongly_disagree,strongly_agree, ,https://drive.google.com/open?id=13i-93A_UXAmcfncsfQIT1uH9RdXA6TY5,uuid:25ef0136-3c6f-4bce-a60c-e7a120b2c2ee
19/02/22 10:01,19/02/22 10:40,19/02/22, ,yes,"-0.5753973,39.6879273",102.2,4.92,owino,garissa,jarirot,male,29 to 39,informal,"farmer, pastoralist", ,beyond_20 years,yes,owner,govt_issued,group,2011_2020,beyond_5km,less_5Ha,agriculture, ,"bananas, mangoes, lemons", ,yes,"destroy_crops, destroy_property", ,"river, crops, water", ,dry,"night, dawn",increase,total_loss,Na,Na,extremely_important,yes,"fence, guard, fire, propellas", ,not,Highly, ,Highly, ,moderately, , ,They breakthrough,Chase them away, , , ,They are afraid, , , ,They think someone is in the farm, , , ,yes,Use better fencing material,extreme_interest,Wire fencing,"neighbour_uses, available, easy_use", ,"expensive_equipment, financial_constraints", ,"farmers_association, ngss, government_institutions", ,"financial_support, training", ,local_govt, ,afternoon_weekdays,thursday,farm, ,no,nothing_happens, , , , ,yes,no,not_satisfied,prevention, ,no, , ,extreme_interest,community_meeting, ,family, ,yes,strongly_agree,strongly_agree,strongly_agree,agree,strongly_agree, , , , ,yes,community,yes,ggc, ,kws, ,strongly_agree,agree,strongly_disagree,strongly_agree, ,https://drive.google.com/open?id=1bmQ_BE8dzgd26MCs2hz5EvVCESdsB7NB,uuid:1ff4f73c-a605-4e62-b5b8-a421d59a6a89
19/02/22 10:41,19/02/22 10:54,19/02/22, ,yes,"-0.5754244,39.6878072",94.5,5.12,owino,garissa,jarirot,male,18 to 28,secondary,farmer, ,beyond_20 years,yes,owner,first_come,group,2001_2010,less_1km,less_5Ha,agriculture, ,"bananas, mangoes, lemons, others",Guava,yes,"destroy_crops, destroy_property", ,"crops, water, river", ,dry,night,increase,partial_loss,Na,Na,extremely_important,yes,"fence, propellas, fire", ,not, , ,moderately, ,moderately, , ,They breakthrough fence_live fence, , , , ,Indicate  human presence, , , ,Indicate human, , , ,yes,Wire fencing,extreme_interest,Floodlights,"available, easy_use", ,"expensive_equipment, financial_constraints, lack_knowledge", ,farmers_association, ,"financial_support, training", ,conservation_org, ,morning_weekend,saturday,farm, ,yes, , ,kws,verbally_in-person, ,yes,no,not_satisfied,"prevention, compensation", ,no, , ,extreme_interest,community_meeting, ,family, ,yes,strongly_agree,strongly_agree,strongly_agree,strongly_agree,strongly_agree, , , , ,no, ,yes,ggc, ,kws, ,strongly_agree,strongly_agree,strongly_disagree,strongly_agree, ,https://drive.google.com/open?id=1hN1rrZVcrqW36Uhh8luDNNoJ6GZPSO8M,uuid:f07b262a-63c5-48c7-b315-24d8955d22f3
19/02/22 10:56,19/02/22 11:10,19/02/22, ,yes,"-0.5753447,39.6879779",110.1,5.316,owino,garissa,jarirot,male,18 to 28,secondary,farmer, ,more than_10_but_less_15_years,yes,owner,first_come,community,2001_2010,less_1km,less_5Ha,agriculture, ,"mangoes, bananas, others",Guava,yes,destroy_crops, ,"crops, river", ,dry,night,increase,partial_loss,Na,Na,extremely_important,yes,"fence, fire, propellas", ,moderately, , ,moderately, ,moderately, ,Indicate human presence, , , , , ,Indicate human presence, , , ,Indicate human presence, , , ,yes,Install security  light,extreme_interest,Employ security guard,available, ,financial_constraints, ,"farmers_association, Indivudually", ,"financial_support, technical_support, training", ,conservation_org, ,morning_weekend,saturday,farm, ,yes, , ,kws,verbally_in-person, ,yes,no,not_satisfied,prevention, ,no, , ,extreme_interest,community_meeting, ,family, ,yes,strongly_agree,strongly_agree,strongly_agree,strongly_agree,strongly_agree, , , , ,no, ,yes,ggc, ,kws, ,strongly_agree,strongly_agree,disagree,strongly_agree, ,https://drive.google.com/open?id=1s4aeIdxVdO8vbTnE_6Y5kmS865To0O2j,uuid:86f9bf6e-1703-4f83-ab7f-beaec4bf35c7
19/02/22 11:11,19/02/22 12:25,19/02/22, ,yes,"-0.5755031,39.6877825",91,4.8,owino,garissa,jarirot,male,40 to 49,informal,farmer, ,beyond_20 years,yes,owner,first_come,community,2001_2010,less_1km,less_5Ha,agriculture, ,"bananas, lemons, others",Tomatoes,yes,"destroy_crops, destroy_property", ,"crops, river", ,dry,night,increase,total_loss,Na,Na,extremely_important,yes,fence, ,not, , , , , , , ,Tall better fence, , , , , , , , , , , , ,yes,Tall wire fence,moderate_interest,Security,available, ,"financial_constraints, expensive_equipment", ,Indivudually, ,"technical_support, financial_support", ,conservation_org, ,morning_weekend,saturday,farm, ,no,I_don't_know_where, , , , ,no, , ,compensation, ,no, , ,extreme_interest,conservation_org, ,family, ,yes,agree,agree,agree,strongly_agree,strongly_agree, , , , ,no, ,yes,ggc, ,kws, ,strongly_agree,agree,disagree,disagree, ,https://drive.google.com/open?id=13PfGIYRHhf9LQjYb4NTPeuKoMQOym8sJ,uuid:a1de0262-bbf0-482c-879d-6be2bd951af0
19/02/22 11:41,19/02/22 12:07,19/02/22, ,yes,"-0.5720345,39.6904494",87.9,4.82,owino,garissa,jarirot,male,50 to 59,informal,farmer, ,beyond_20 years,yes,owner,first_come,community,1991_2000,less_1km,less_5Ha,agriculture, ,"mangoes, lemons", ,yes,"destroy_crops, destroy_property", ,crops, ,dry,night,increase,partial_loss,Na,Na,very_important,yes,fence, ,not, , , , , , , ,Install better fence, , , , , , , , , , , , ,yes,Install better fence,slight_interest,TALLER WIRE FENCE,available, ,"expensive_equipment, financial_constraints", ,farmers_association, ,"financial_support, training", ,conservation_org, ,morning_weekend,saturday,farm, ,yes, , ,"kws, farmers_association",verbally_in-person, ,yes,no,not_satisfied,compensation, ,no, , ,extreme_interest,conservation_org, ,family, ,yes,strongly_agree,strongly_agree,strongly_agree,strongly_agree,strongly_agree, , , , ,no, ,yes,ggc, ,kws, ,strongly_agree,strongly_agree,disagree,agree, ,https://drive.google.com/open?id=1My53KW-2EekBdmoy3CgNoqdADsbksgQ8,uuid:88773025-6388-4b3a-8600-160fbfd55aaf
19/02/22 12:25,19/02/22 12:39,19/02/22, ,yes,"-0.5720696,39.6905021",105,4.92,owino,garissa,jarirot,male,29 to 39,informal,farmer, ,more_than_5_but_less_10 years,yes,owner,first_come,community,2001_2010,less_1km,less_5Ha,agriculture, ,"lemons, bananas", ,yes,"destroy_crops, destroy_property", ,crops, ,dry,night,increase,partial_loss,Na,Na,extremely_important,yes,fence, ,moderately, , , , , , ,Tall wire fence, , , , , , , , , , , , , ,yes,Tall wire fence,no_interest, , , ,"expensive_equipment, financial_constraints", ,farmers_association, ,"financial_support, technical_support, training", ,conservation_org, ,morning_weekend,saturday,farm, ,no,no_means, , , , ,no, , ,prevention, ,no, , ,moderate_interest,community_meeting, ,conservation_org, ,yes,strongly_agree,strongly_agree,strongly_agree,strongly_agree,strongly_agree, , , , ,no, ,no, , ,kws, ,strongly_agree,strongly_agree,agree,agree, ,https://drive.google.com/open?id=1vRecbmunWHRruPZIZtcoBy6APHHSJRm_,uuid:906f8537-1bc5-4142-8b88-dca3f660cf84
19/02/22 12:40,19/02/22 12:57,19/02/22, ,yes,"-0.5721048,39.6904531",104.5,4.5,owino,garissa,jarirot,male,50 to 59,informal,farmer, ,beyond_20 years,yes,owner,first_come,community,2001_2010,less_1km,less_5Ha,agriculture, ,"lemons, bananas, mangoes", ,yes,"destroy_crops, destroy_property", ,"crops, water", ,dry,"night, dawn",increase,no_loss,Na,Na,very_important,yes,fence, ,not, , , , , , , ,Fence is too short  than giraffe, , , , , , , , , , , , ,yes,Tall wire fence,no_interest, , , ,"financial_constraints, expensive_equipment, lack_knowledge", ,Indivudually, ,"technical_support, financial_support, training", ,conservation_org, ,morning_weekend,saturday,farm, ,yes, , ,farmers_association,verbally_in-person, ,yes,no,not_satisfied,prevention, ,no, , ,slight_interest,conservation_org, ,family, ,yes,strongly_agree,strongly_agree,strongly_agree,agree,agree, , , , ,no, ,no, , ,kws, ,agree,agree,disagree,disagree, ,https://drive.google.com/open?id=1s72FBSbup4zgLFSmRaUFR4_Y5ID0X4KT,uuid:cc1facc6-eaa9-4e9b-83f0-5830743c3b9c
19/02/22 12:57,19/02/22 13:21,19/02/22, ,yes,"-0.5716439,39.6900509",96.4,4.85,owino,garissa,jarirot,female,40 to 49,informal,farmer, ,more_than_15_but_less_20_years,yes,owner,first_come,individual,2001_2010,less_1km,6_10Ha,agriculture, ,"mangoes, bananas, lemons, others",Tomatoes,yes,"destroy_crops, destroy_property", ,crops, ,dry,night,increase,partial_loss,Na,Na,slightly_important,yes,"fire, fence, propellas", ,moderately, , ,moderately, ,moderately, ,Just break through, , , , , ,Indicate human presence, , , ,Indicate human presence, , , ,yes,Tall wire fence,no_interest, , , ,"financial_constraints, lack_knowledge", ,Indivudually, ,"financial_support, technical_support", ,conservation_org, ,morning_weekend,saturday,farm, ,no,no_means, , , , ,no, , ,compensation, ,no, , ,slight_interest,community_meeting, ,owner, ,yes,strongly_agree,agree,strongly_agree,agree,agree, , , , ,no, ,yes,ggc, ,kws, ,agree,agree,strongly_agree,agree, ,https://drive.google.com/open?id=1ydmBtKF0ivC5nnvrz1nTDA-1WmSbHgqg,uuid:89a70a00-4c35-4a26-9403-74f81ab94924
19/02/22 13:21,19/02/22 13:32,19/02/22, ,yes,"-0.5716654,39.6901353",109.2,4.9,owino,garissa,jarirot,female,60 or older,informal,farmer, ,more than_10_but_less_15_years,yes,owner,first_come,individual,2011_2020,more_than_1km_but_less_than_2km,less_5Ha,agriculture, ,"bananas, lemons, mangoes", ,yes,"destroy_crops, destroy_property", ,crops, ,dry,night,increase,partial_loss,Na,Na,very_important,yes,fence, ,moderately, , , , , , ,Break the fence, , , , , , , , , , , , , ,yes,Tall wire fence,no_interest, , , ,financial_constraints, ,none, ,"technical_support, training, others",Ploughing,conservation_org, ,morning_weekend,saturday,farm, ,no,no_means, , , , ,no, , ,compensation, ,no, , ,extreme_interest,community_meeting, ,family, ,yes,strongly_agree,agree,strongly_agree,agree,strongly_agree, , , , ,no, ,yes,ggc, ,none, ,agree,agree,agree,strongly_agree, ,https://drive.google.com/open?id=1SsLZvchpO6qcA68d4W_p1se1zVVyHPDz,uuid:6a401439-e729-47b9-b7b6-9294eb36b878
19/02/22 13:32,19/02/22 13:44,19/02/22, ,yes,"-0.5716647,39.6900994",111.7,6.166,owino,garissa,jarirot,male,40 to 49,primary,"farmer, pastoralist", ,beyond_20 years,yes,owner,inherited,community,1991_2000,less_1km,More_20Ha,agriculture, ,"mangoes, bananas, lemons, vegetable, melon", ,yes,"destroy_crops, destroy_property", ,crops, ,dry,"night, dawn",increase,partial_loss,Na,Na,extremely_important,yes,"fence, guard, fire", ,not,moderately, ,moderately, , , , ,They break through fences,Only effective when around throughout, , , ,Indicate human presence, , , , , , , ,yes,Electric fence,extreme_interest,Electric wire fencing,"neighbour_uses, available, easy_use", ,"financial_constraints, expensive_equipment", ,farmers_association, ,"information, training, financial_support", ,"farmer, local_govt, conservation_org", ,morning_weekend,saturday,farm, ,no,nothing_happens, , , , ,no, , ,prevention, ,no, , ,extreme_interest,community_meeting, ,family, ,yes,strongly_agree,agree,strongly_agree,strongly_agree,strongly_agree, , , , ,no, ,yes,ggc, ,kws, ,strongly_agree,agree,strongly_disagree,strongly_agree, ,https://drive.google.com/open?id=1Srrt8j8ANZCAZeiPAe2E57JFptHBv2Yl,uuid:894c550a-c37c-49a2-b624-292206ac2c6d
17/02/22 12:02,17/02/22 12:26,17/02/22, ,yes,"-0.3868027,39.6150022",153.8,8.7,sahal,garissa,raya,female,50 to 59,informal,farmer, ,beyond_20 years,yes,owner,govt_issued,group,1991_2000,more_than_1km_but_less_than_2km,6_10Ha,"agriculture, grazing", ,"mangoes, melon, vegetable, lemons", ,yes,"destroy_crops, destroy_property", ,"crops, water", ,dry,"dusk, night",increase,partial_loss,50 box,20 box,extremely_important,yes,"fence, guard, fire, pitfall", ,not,moderately, ,not,Highly, , , ,Breaks easily,Alert to chase them away, , , , ,Not that much effective,They scare away the girraffes, , , , , ,no, ,extreme_interest,I don't know for now,others,I. Don't know,don't_know_other_methods, ,"farmers_association, government_institutions, ngss", ,information, ,farmer, ,afternoon_weekend,sunday,farm, ,yes, , ,kws,verbally_in-person, ,yes,no,not_satisfied,compensation, ,no, , ,extreme_interest,"radio, community_meeting", ,"family, others",Expert if available,yes,agree,agree,agree,agree,agree, , , , ,no, ,yes,ggc, ,none, ,agree,agree,disagree,agree, ,https://drive.google.com/open?id=1EqVDQIUbeC3Ad-j-6UsBFHNoIttihrjv,uuid:71c7d4c2-a045-432d-8208-c95bf7233f14
17/02/22 12:48,17/02/22 13:01,17/02/22, ,yes,"-0.3851272,39.6171551",160.5,4.48,sahal,garissa,raya,female,50 to 59,informal,farmer, ,beyond_20 years,yes,owner,inherited,group,1991_2000,more_than_1km_but_less_than_2km,less_5Ha,"agriculture, grazing", ,"mangoes, lemons, others",Grass,yes,"destroy_crops, destroy_property", ,"crops, water", ,dry,"dusk, night",increase,partial_loss,20boxes,2or 3 boxes,extremely_important,yes,"guard, fence", ,not,moderately, , , , , , ,Breaks easily,Alert to chase the girraffes away, , , , , , , , , , , ,yes,Through government support,extreme_interest,Using guns,kws_use, ,"expensive_equipment, financial_constraints, lack_knowledge, outlawed", ,"farmers_association, government_institutions, ngss", ,"information, technical_support, financial_support, training, permission", ,"local_govt, conservation_org", ,morning_weekend,sunday,farm, ,yes, , ,kws,verbally_in-person, ,yes,no,extremely_satisfied,compensation, ,no, , ,extreme_interest,"community_meeting, radio", ,family, ,yes,agree,agree,agree,no_opinion,no_opinion, , , , ,no, ,no, , ,none, ,agree,agree,disagree,agree, ,https://drive.google.com/open?id=1RMuZjApgMseZ107qEAytTjp8Lm1YU8ZR,uuid:8be6907d-1df6-4993-a06a-ec1ef0ef7c0b
17/02/22 13:20,17/02/22 13:34,17/02/22, ,yes,"-0.3843008,39.6179678",163.7,4.44,sahal,garissa,raya,male,50 to 59,informal,farmer, ,more_than_15_but_less_20_years,yes,owner,inherited,group,2001_2010,more_than_1km_but_less_than_2km,less_5Ha,"agriculture, grazing", ,"mangoes, lemons", ,yes,"destroy_crops, destroy_property", ,"water, crops", ,dry,"dusk, night",increase,partial_loss,20 boxes,Less than 5boxes,extremely_important,yes,guard, , ,moderately, , , , , , , ,They are alert to chase the girraffes, , , , , , , , , , , ,yes,Through government support in taking control,extreme_interest,Through kws conservation,kws_use, ,"expensive_equipment, financial_constraints, lack_knowledge, outlawed", ,"farmers_association, government_institutions, ngss", ,"information, permission, training, financial_support", ,conservation_org, ,morning_weekend,sunday,farm, ,yes, , ,kws,verbally_in-person, ,yes,no,not_satisfied,compensation, ,no, , ,extreme_interest,community_meeting, ,family, ,yes,agree,agree,agree,no_opinion,agree, , , , ,no, ,no, , ,none, ,agree,agree,disagree,agree, ,https://drive.google.com/open?id=1TviviX10_j6Pk8xWk9kVuVPb9EeeFFbI,uuid:87c82907-0f10-46c9-af7b-3bb909fca9b5
17/02/22 13:35,17/02/22 13:44,17/02/22, ,yes,"-0.3844656,39.6179095",170.7,9.75,sahal,garissa,raya,female,40 to 49,informal,farmer, ,beyond_20 years,yes,owner,govt_issued,group,1991_2000,more_than_1km_but_less_than_2km,less_5Ha,"agriculture, grazing", ,"mangoes, lemons, others",Guava,yes,"destroy_crops, destroy_property", ,"crops, water", ,dry,"dusk, night",increase,total_loss,30boxes,Less than 5,extremely_important,no, , , , , , , , , , , , , , , , , , , , , , , , , ,extreme_interest,The government should take control,kws_use, ,don't_know_other_methods, ,"farmers_association, government_institutions, ngss", ,"training, financial_support, technical_support, information", ,"conservation_org, local_govt, farmer", ,morning_weekend,sunday,farm, ,yes, , ,kws,verbally_in-person, ,yes,no,not_satisfied,compensation, ,no, , ,extreme_interest,"radio, community_meeting", ,family, ,yes,agree,agree,agree,agree,agree, , , , ,no, ,no, , ,none, ,agree,agree,no_opinion,agree, ,https://drive.google.com/open?id=1PJgqTHZw_FALHTAbhKGB6RSX-U9WP53_,uuid:e9e6e2f5-abed-475e-9b2a-6cae38cacb36
20/02/22 09:27,20/02/22 09:50,20/02/22, ,yes,"-0.5819764,39.7424434",107.8,4.675,owino,garissa,awarot,male,50 to 59,informal,"farmer, pastoralist", ,beyond_20 years,yes,owner,first_come,community,2011_2020,less_1km,less_5Ha,agriculture, ,"vegetable, mangoes, lemons", ,yes,"destroy_crops, destroy_property", ,"crops, water, river", ,all_year_round,"night, dusk",increase,total_loss,Na,Na,extremely_important,yes,fence, ,not, , , , , , , ,They keep breaking the fences, , , , , , , , , , , , ,yes,Wire fencing,extreme_interest,Wire fencing,"neighbour_uses, easy_use", ,"expensive_equipment, financial_constraints", ,"government_institutions, Indivudually", ,"information, training, financial_support", ,"farmer, local_govt, conservation_org", ,morning_weekend,saturday,school, ,yes, , ,chief_office,verbally_in-person, ,yes,no,not_satisfied,prevention, ,no, , ,extreme_interest,"radio, community_meeting", ,conservation_org, ,yes,strongly_agree,agree,strongly_agree,strongly_agree,agree, , , , ,no, ,no, , ,kws, ,strongly_agree,agree,strongly_disagree,agree, ,https://drive.google.com/open?id=1utH9fyiQjM3DYj_STTnMOqYpaWPtVI1z,uuid:f70259fa-b0d1-452c-992c-835c8cd345d1
20/02/22 09:51,20/02/22 10:23,20/02/22, ,yes,"-0.5822654,39.7424919",111.9,6.28,owino,garissa,awarot,male,60 or older,informal,"farmer, pastoralist", ,beyond_20 years,yes,owner,first_come,community,2001_2010,more_than_1km_but_less_than_2km,less_5Ha,agriculture, ,"mangoes, lemons", ,yes,destroy_crops, ,"river, crops", ,dry,night,increase,partial_loss,Na,Na,very_important,yes,"fence, guard, fire, propellas", ,not,Highly, ,moderately, ,moderately, , ,They breakthrough live fence,They chase them using flashlight and making noise, , , ,Indicate human presence, , , ,Indicate human presence, , , ,yes,Use proper fence,extreme_interest,Wire fencing,"available, others",I have not seen anyone use it but I believe it can help,"financial_constraints, expensive_equipment", ,government_institutions, ,"financial_support, technical_support, training", ,local_govt, ,morning_weekend,saturday,farm, ,yes, , ,"farmers_association, chief_office",verbally_in-person, ,yes,no,not_satisfied,compensation, ,no, , ,extreme_interest,"community_meeting, radio", ,family, ,yes,strongly_agree,strongly_agree,strongly_agree,agree,agree, , , , ,no, ,yes,ggc, ,kws, ,strongly_agree,strongly_agree,strongly_disagree,strongly_agree, ,https://drive.google.com/open?id=1aaV4b8u0fsB7tf2nkSS9y4fVpVs76hwi,uuid:35a6506f-8ecd-401a-b893-9034cafe3070
20/02/22 10:47,20/02/22 11:16,20/02/22, ,yes,"-0.5818365,39.7420703",-34.7,5.62,owino,garissa,awarot,male,40 to 49,informal,"pastoralist, farmer", ,beyond_20 years,yes,owner,first_come,community,2011_2020,less_1km,less_5Ha,agriculture, ,"mangoes, lemons", ,yes,"destroy_crops, destroy_property", ,"crops, river", ,dry,night,increase,total_loss,Na,Na,extremely_important,yes,"fence, guard, propellas", ,not,Highly, , , ,moderately, , ,They jump over fence,They chase them, , , , , , , ,They make noise indicating human presence, , , ,yes,Imstaproper fence like wire fencing,extreme_interest,Electric fencing,"neighbour_uses, easy_use", ,"financial_constraints, expensive_equipment", ,"farmers_association, Indivudually", ,"training, financial_support", ,"local_govt, conservation_org", ,morning_weekdays,monday,farm, ,yes, , ,kws,"verbally_in-person, phone", ,yes,yes,moderately_satisfied,"compensation, prevention", ,no, , ,extreme_interest,community_meeting, ,owner, ,yes,strongly_agree,agree,strongly_agree,agree,agree, , , , ,no, ,no, , ,kws, ,agree,agree,strongly_disagree,strongly_agree, ,https://drive.google.com/open?id=1kVcZZE1S2VlyW_7B2dVT-zInFGRm56_P,uuid:02518bdc-817e-47f3-8431-1a2484597bba
20/02/22 11:16,20/02/22 11:29,20/02/22, ,yes,"-0.582069,39.7424309",113.8,4.64,owino,garissa,awarot,male,29 to 39,primary,"farmer, others",Teach quran,beyond_20 years,yes,owner,first_come,community,2011_2020,less_1km,less_5Ha,agriculture, ,"mangoes, lemons, others",Gras for hay,yes,"destroy_crops, destroy_property", ,"crops, river", ,dry,night,increase,total_loss,Na,Na,extremely_important,yes,"fence, guard, propellas, fire", ,moderately,Highly, ,moderately, ,moderately, ,Bar giraffe but they still break through, ,Chase them away, , , ,They still come but they avid areas with fire, , , ,They think there is someone at the farm, , , ,yes,Install a better fence,extreme_interest,Wire fencing,"neighbour_uses, available, easy_use", ,"expensive_equipment, financial_constraints", ,farmers_association, ,"training, information, financial_support", ,"farmer, local_govt, conservation_org", ,afternoon_weekend,saturday,farm, ,no,nothing_happens, , , , ,yes,no,not_satisfied,prevention, ,no, , ,extreme_interest,"community_meeting, conservation_org", ,family, ,yes,strongly_agree,strongly_agree,strongly_agree,agree,agree, , , , ,yes,individual,no, , ,kws, ,agree,strongly_agree,strongly_disagree,strongly_agree, ,https://drive.google.com/open?id=1Xd6UUfSnNM-ssxihOLY0-9VVkQwN8pRb,uuid:5c4c5bbf-52fa-4afd-9a0d-1a7ab69a96f9
20/02/22 11:30,20/02/22 11:53,20/02/22, ,yes,"-0.5820935,39.7425255",108.6,5.616,owino,garissa,awarot,male,60 or older,informal,"pastoralist, farmer", ,beyond_20 years,yes,owner,first_come,community,2011_2020,less_1km,less_5Ha,agriculture, ,"lemons, mangoes", ,yes,"destroy_crops, destroy_property", ,"crops, river", ,dry,night,increase,partial_loss,Na,Na,extremely_important,yes,"fence, guard, propellas", ,moderately,Highly, , , ,Highly, ,When freshly installed it help but as they dry they form gaps that giraffe can breakthrough, ,They chase them when awake all night, , , , , , , ,"They make noise making the, think people are on the farm", , , ,no, ,extreme_interest,Wire mesh,"available, easy_use, neighbour_uses", ,"expensive_equipment, financial_constraints", ,farmers_association, ,"financial_support, information, training", ,local_govt, ,morning_weekend,saturday,school, ,no,nothing_happens, , , , ,yes,no,not_satisfied,compensation, ,no, , ,moderate_interest,community_meeting, ,family, ,yes,strongly_agree,strongly_agree,strongly_agree,agree,agree, , , , ,no, ,yes,ggc, ,kws, ,strongly_agree,agree,strongly_disagree,strongly_agree, ,https://drive.google.com/open?id=19L-gNbXMz4oeAxrzPEiZPSb6kKVGsHb4,uuid:6dc9d65b-4770-4bf9-ac65-9c97388916f7
20/02/22 12:21,20/02/22 12:40,20/02/22, ,yes,"-0.5803195,39.736388",98.8,4.933,owino,garissa,awarot,male,40 to 49,primary,"farmer, pastoralist", ,beyond_20 years,yes,owner,inherited,community,before_1980s,more_than_1km_but_less_than_2km,More_20Ha,agriculture, ,mangoes, ,yes,"destroy_crops, destroy_property", ,"crops, river", ,dry,"night, dawn",increase,total_loss,Na,Na,extremely_important,yes,"fence, guard, propellas", ,not,Highly, , , ,Highly, , ,They jump over and breakthrough fences,They chase them whenever they come, , , , , , , ,They run when they here sounds made by bottle filled with stones, , , ,yes,Install proper fence,extreme_interest,Wire mesh fencing,"neighbour_uses, available, easy_use", ,"expensive_equipment, financial_constraints", ,Indivudually, ,training, ,conservation_org, ,afternoon_weekend,saturday,farm, ,yes, , ,kws,verbally_in-person, ,yes,no,not_satisfied,prevention, ,no, , ,extreme_interest,community_meeting, ,family, ,yes,strongly_agree,strongly_disagree,strongly_agree,agree,agree, , , , ,no, ,no, , ,kws, ,disagree,disagree,strongly_agree,strongly_agree, ,https://drive.google.com/open?id=1R94el6CMjJOtuBmfgUU2pRT2MQVAVo8U,uuid:d11aa1be-eea2-496e-8ef5-274bad83cdda
20/02/22 12:44,20/02/22 13:06,20/02/22, ,yes,"-0.5803253,39.736533",81.4,6.5,owino,garissa,awarot,male,18 to 28,secondary,"farmer, others",Businessman,beyond_20 years,yes,owner,inherited,community,before_1980s,less_1km,less_5Ha,"agriculture, grazing", ,"mangoes, bananas", ,yes,"destroy_crops, destroy_property", ,"crops, river", ,all_year_round,"dusk, night, dawn",increase,partial_loss,Na,Na,extremely_important,yes,"fence, guard, fire, propellas, others",Using flashlight tied on a string to rotate with wind,not,moderately, ,not, ,moderately,moderately, ,They breakthrough fences,They keep coming, , , , ,They are now used to fire, , ,Indicate human presence, ,They are used to this and sometimes the battery out, ,no, ,no_interest, , , ,don't_know_other_methods, ,Indivudually, ,"financial_support, technical_support", ,local_govt, ,morning_weekdays,monday,farm, ,yes, , ,kws,verbally_in-person, ,yes,no,not_satisfied,"compensation, prevention", ,no, , ,extreme_interest,"conservation_org, community_meeting", ,family, ,no, , , , , ,strongly_agree,strongly_agree,strongly_agree,strongly_agree,no, ,yes,"ihcc, ggc", ,kws, ,strongly_agree,agree,strongly_disagree,strongly_disagree, ,https://drive.google.com/open?id=1RbWOW5T0TnnfAq3COyrURhVK2dMDE6c9,uuid:7af90fa2-c77e-4fe8-ab82-3e763b2051f6
20/02/22 13:07,20/02/22 13:24,20/02/22, ,yes,"-0.5802652,39.7365288",95.6,4.9,owino,garissa,awarot,male,18 to 28,secondary,"farmer, others",Charcoal burning,beyond_20 years,yes,owner,inherited,community,1981_1990s,less_1km,More_20Ha,agriculture, ,mangoes, ,yes,"destroy_crops, destroy_property", ,"crops, river", ,dry,"dusk, night",increase,total_loss,Over 10000 pieces,"Very few, less than 5000 pieces",extremely_important,yes,"guard, fence, fire, propellas", ,not,Highly, ,not, ,Highly, , ,They jump over and breakthrough.  Usually we just place them of its path to that when they step over them you can hear them,They chase them but it wears them down and sleep, , , , ,They are used to fire, , ,The noise made by stones in a bottle indicate human presence, , , ,yes,Install proper fences,extreme_interest,Electric fence,"easy_use, available", ,"expensive_equipment, financial_constraints", ,"government_institutions, ngss", ,"financial_support, training, information", ,conservation_org, ,morning_weekend,saturday,farm, ,yes, , ,kws,verbally_in-person, ,yes,no,not_satisfied,compensation, ,no, , ,extreme_interest,"conservation_org, community_meeting", ,family, ,yes,strongly_agree,strongly_disagree,strongly_agree,strongly_agree,agree, , , , ,no, ,no, , ,kws, ,strongly_agree,agree,strongly_disagree,strongly_agree, ,https://drive.google.com/open?id=1Pr8HeB5DcHs5qLKCIfQCIs1l7vlX3TIc,uuid:254c6973-dd78-4de6-9c56-76ad8ebadcd5
20/02/22 14:52,20/02/22 15:22,20/02/22, ,yes,"-0.5800357,39.7362033",201.8,7.7,owino,garissa,awarot,male,40 to 49,primary,"farmer, pastoralist", ,beyond_20 years,yes,owner,first_come,community,2011_2020,more_than_2km_but_less_than_3km,less_5Ha,agriculture, ,"mangoes, lemons", ,yes,"destroy_crops, destroy_property", ,"crops, water", ,dry,"night, dawn",increase,partial_loss,Na,Na,extremely_important,yes,"fence, guard, fire, propellas", ,not,Highly, ,not, ,moderately, , ,They jump over fences,They chase them, , , , ,"They even pass close to the fire unless someone is close by, we just use fire for visibility", , ,They make noise that chase them, , , ,yes,Install a better fence,extreme_interest,Fence with wire,"neighbour_uses, available, easy_use", ,"expensive_equipment, financial_constraints", ,government_institutions, ,financial_support, ,local_govt, ,morning_weekend,saturday,farm, ,yes, , ,kws,"verbally_in-person, phone", ,yes,yes,satisfied,compensation, ,yes,conservation_org, ,extreme_interest,"community_meeting, conservation_org", ,others,Farmers associations,yes,strongly_agree,strongly_agree,strongly_agree,agree,agree, , , , ,yes,govt,yes,ggc, ,kws, ,strongly_agree,agree,strongly_disagree,strongly_agree, ,https://drive.google.com/open?id=1d3hdHOgw59yvdT956wvtogDaWk8QdC9_,uuid:f377b0cd-7f21-4555-8cc8-5e29151f55f5
22/02/22 09:37,22/02/22 10:33,22/02/22, ,yes,"-0.5803582,39.7364415",93.2,3.5,owino,garissa,awarot,female,29 to 39,informal,farmer, ,beyond_20 years,no,owner,first_come,community,2001_2010,less_1km,less_5Ha,agriculture, ,"mangoes, lemons", ,yes,destroy_crops, ,crops, ,dry,night,don't_know,total_loss,Na,Na,extremely_important,yes,"propellas, fire, fence", ,not, , ,not, ,not, , ,They breakthrough fences, , , , , ,They don't fear fire, , , ,"They are used to it, in the beginning it would scare them", , ,yes,Use proper fence,extreme_interest,Wire mesh,"neighbour_uses, available, easy_use", ,"expensive_equipment, financial_constraints", ,"ngss, government_institutions", ,"financial_support, training", ,"conservation_org, others",Agricultural officers,morning_weekend,saturday,farm, ,no,I_don't_know_where, , , , ,yes,no,not_satisfied,compensation, ,no, , ,extreme_interest,"conservation_org, community_meeting", ,family, ,yes,strongly_agree,strongly_agree,strongly_agree,agree,agree, , , , ,no, ,no, , ,kws, ,strongly_agree,agree,agree,strongly_agree, ,https://drive.google.com/open?id=1W_sl-XsXM2vyx1u_SkP_UATtEvyKUH2v,uuid:b43cdb16-9e61-4699-815a-934ed9876a67
22/02/22 10:37,22/02/22 11:03,22/02/22, ,yes,"-0.5965613,39.7259336",108,3.44,owino,garissa,awarot,male,40 to 49,secondary,"farmer, ranger", ,beyond_20 years,yes,owner,inherited,community,before_1980s,less_1km,6_10Ha,agriculture, ,mangoes, ,yes,"destroy_crops, threaten_human, destroy_property", ,"crops, river", ,dry,"night, dawn",increase,partial_loss,Na,Na,extremely_important,yes,"propellas, fence, guard, others",Use flashlight,not,Highly, , , ,extremely,extremely, ,They long legs and can jump over fence,We chase them, , , , , , , ,This only works if you are around doing it other wise when using wind they still come, ,It indicates human presence, ,yes,Floodlights,extreme_interest,Floodlights,"neighbour_uses, available, easy_use", ,"expensive_equipment, financial_constraints", ,"ngss, government_institutions", ,"technical_support, training, financial_support", ,"farmer, local_govt, conservation_org", ,morning_weekdays,wednesday,farm, ,yes, , ,kws,verbally_in-person, ,yes,no,not_satisfied,compensation, ,no, , ,extreme_interest,"community_meeting, conservation_org, radio", ,family, ,yes,strongly_agree,strongly_agree,strongly_agree,strongly_agree,strongly_agree, , , , ,yes,"NGOs, community, govt, individual",yes,anr, ,kws, ,strongly_agree,strongly_agree,strongly_disagree,strongly_agree, ,https://drive.google.com/open?id=1ho9OvZwFDgSV0mpurh7FH3EZOUzZXcQQ,uuid:fa4e8da8-8355-499d-b2f6-ea6a402134ef
22/02/22 11:29,22/02/22 11:46,22/02/22, ,yes,"-0.5811583,39.7376017",107.4,4.7,owino,garissa,awarot,female,29 to 39,primary,farmer, ,beyond_20 years,yes,owner,inherited,community,before_1980s,less_1km,less_5Ha,agriculture, ,"mangoes, bananas, others",Maize,yes,"destroy_crops, destroy_property", ,"crops, river", ,dry,night,increase,partial_loss,Na,Na,extremely_important,yes,"fence, guard, fire", ,not,moderately, ,not, , , , ,They break fence and skip over,We can only try to reduce but some days you get lazy or overwhelmed by sleep, , , , ,"I think they are not afraid of fire, we use fire for visibility", , , , , , ,no, ,extreme_interest,I don't know any but I would like to try something, , ,"don't_know_other_methods, expensive_equipment, financial_constraints, accustomed_to_current_methods", ,Indivudually, ,"information, financial_support, training, technical_support", ,farmer, ,morning_weekdays,friday,school, ,no,nothing_happens, , , , ,no, , ,"prevention, compensation", ,no, , ,extreme_interest,"radio, community_meeting", ,others,Ask another farmer,no, , , , , ,strongly_agree,strongly_agree,strongly_agree,strongly_agree,no, ,no, , ,kws, ,strongly_agree,strongly_agree,strongly_agree,agree, ,https://drive.google.com/open?id=1xq1sQJFr3WvMPiYpM0orPDbE7uHPHKOc,uuid:316107fc-6a00-4097-a4e0-a13b16280d47
22/02/22 13:06,22/02/22 13:24,22/02/22, ,yes,"-0.580323,39.7363992",100.4,4.72,owino,garissa,awarot,male,40 to 49,primary,"farmer, others",Casual laborer,beyond_20 years,yes,owner,inherited,community,before_1980s,less_1km,6_10Ha,agriculture, ,"mangoes, others",Maize,yes,"destroy_crops, destroy_property", ,crops, ,dry,night,increase,partial_loss,Na,Na,extremely_important,yes,"fence, guard, fire", ,not,Highly, ,not, , , , ,They break fences,We chase them away, , , , ,They are used to it, , , , , , ,yes,Use electric fence,extreme_interest,Electric fence,"available, easy_use", ,"financial_constraints, expensive_equipment, lack_knowledge", ,government_institutions, ,"information, technical_support, financial_support", ,farmer, ,afternoon_weekend,saturday,farm, ,yes, , ,kws,phone, ,yes,no,not_satisfied,compensation, ,no, , ,extreme_interest,community_meeting, ,family, ,yes,strongly_agree,strongly_agree,strongly_agree,disagree,strongly_agree, , , , ,no, ,no, , ,kws, ,strongly_agree,agree,strongly_disagree,strongly_agree, ,https://drive.google.com/open?id=1SS8ZL5j5mj71ucALKgLsmTigkQ7XrdxY,uuid:d3610073-3787-4714-87d0-eebbd073eb7e
22/02/22 13:57,22/02/22 14:12,22/02/22, ,yes,"-0.5803236,39.7364148",110.8,4.96,owino,garissa,awarot,male,18 to 28,primary,"farmer, others",Charcoal burning,beyond_20 years,yes,owner,inherited,community,before_1980s,less_1km,6_10Ha,agriculture, ,mangoes, ,yes,"destroy_crops, destroy_property", ,crops, ,all_year_round,"night, dawn",increase,partial_loss,Na,Na,extremely_important,yes,"fence, guard, guard_dog, fire, propellas", ,not,moderately,moderately,moderately, ,extremely, , ,They jump over because they are tall,Human get tired, ,They alert the guard, ,Unless the fire is large enough, , , ,They indicate human presence, , , ,yes,Install lights on the farm,extreme_interest,Use security lights,"available, easy_use", ,"expensive_equipment, financial_constraints", ,government_institutions, ,"financial_support, training", ,conservation_org, ,morning_weekdays,friday,farm, ,yes, , ,kws,phone, ,yes,no,not_satisfied,"compensation, prevention", ,no, , ,extreme_interest,"radio, community_meeting", ,family, ,yes,strongly_agree,strongly_agree,agree,strongly_disagree,strongly_agree, , , , ,no, ,no, , ,kws, ,strongly_agree,agree,strongly_disagree,agree, ,https://drive.google.com/open?id=1xhDaTH_iB5X-q54KwLjmOmSc2tLV7xKO,uuid:72c3f624-fb48-4033-ae6e-547f62bd646f
22/02/22 14:44,22/02/22 14:57,22/02/22, ,yes,"-0.5803337,39.73645",109.6,3.6,owino,garissa,awarot,male,50 to 59,informal,"farmer, others",Charcoal burning,beyond_20 years,yes,owner,inherited,community,before_1980s,less_1km,less_5Ha,agriculture, ,"mangoes, lemons, bananas, vegetable", ,yes,"destroy_crops, destroy_property", ,"crops, river", ,dry,"dusk, night, dawn",increase,partial_loss,Na,Na,extremely_important,yes,"fence, guard, fire", ,not,Highly, ,not, , , , ,They breakthrough,Chase them, , , , ,They are used to it, , , , , , ,yes,Install proper fence,extreme_interest,Wire mesh,"neighbour_uses, available, easy_use", ,"expensive_equipment, financial_constraints", ,"government_institutions, ngss", ,"financial_support, training", ,conservation_org, ,morning_weekend,saturday,school, ,yes, , ,kws,"phone, verbally_in-person", ,yes,yes,moderately_satisfied,prevention, ,no, , ,extreme_interest,"community_meeting, conservation_org", ,family, ,yes,strongly_agree,strongly_agree,strongly_agree,strongly_agree,strongly_agree, , , , ,no, ,yes,ggc, ,kws, ,strongly_agree,strongly_agree,strongly_disagree,strongly_agree, ,https://drive.google.com/open?id=1c3Z2q6bNEEkEJ-SmNIo3XzIM2S8QGOd9,uuid:1086cae6-5a22-4155-bfda-36d090bb2342
23/02/22 09:44,23/02/22 10:18,23/02/22, ,yes,"-0.595393,39.7627949",120,4.72,owino,garissa,bula_bakari,male,40 to 49,informal,"farmer, pastoralist", ,beyond_20 years,yes,owner,purchased,group,2001_2010,less_1km,11_15Ha,agriculture, ,"mangoes, lemons", ,yes,"destroy_crops, destroy_property", ,crops, ,dry,"night, dusk, dawn",increase,total_loss,Na,Na,extremely_important,yes,"fence, guard, fire, others",Tie flashlight on string,not,Highly, ,not, , ,not, ,They break fences,They chase them, , , , ,They pass even close to fire, , , , , ,They are used to it,yes,Use proper fencing,extreme_interest,Wire fencing,"easy_use, available, neighbour_uses", ,"expensive_equipment, financial_constraints", ,"government_institutions, ngss", ,"information, training, financial_support", ,local_govt, ,morning_weekend,saturday,school, ,no,nothing_happens, , , , ,yes,no,not_satisfied,prevention, ,no, , ,extreme_interest,"community_meeting, conservation_org", ,others,Farmers associations,yes,strongly_agree,strongly_agree,strongly_agree,agree,agree, , , , ,no, ,yes,ggc, ,kws, ,strongly_agree,agree,strongly_agree,strongly_agree, ,https://drive.google.com/open?id=1llhIRSx1mZ3XeHYlbct2gTP8hV0GZH9B,uuid:190a050e-7d86-46e7-8d86-466dce127aa5
23/02/22 10:27,23/02/22 10:45,23/02/22, ,yes,"-0.5958927,39.764008",127.6,4.8,owino,garissa,bula_bakari,male,18 to 28,informal,"farmer, others",Charcoal burning,beyond_20 years,yes,owner,inherited,community,1981_1990s,less_1km,less_5Ha,agriculture, ,"mangoes, others",Maize,yes,"destroy_crops, destroy_property", ,"crops, river", ,dry,"night, dawn",increase,partial_loss,Na,Na,extremely_important,yes,"fence, guard, guard_dog, fire", ,not,Highly,not,not, , , , ,They breakthrough fences,They chase them, , ,Dogs are even afraid of giraffe but their barking alerts the guard, ,They are used to fire, , , , , , ,yes,Install proper fence,extreme_interest,Wire fencing,"neighbour_uses, available, easy_use", ,"expensive_equipment, financial_constraints", ,"Indivudually, government_institutions, ngss", ,"financial_support, training, information", ,"conservation_org, local_govt, farmer", ,morning_weekend,saturday,others,Village,yes, , ,kws,"phone, verbally_in-person", ,yes,no,not_satisfied,prevention, ,no, , ,extreme_interest,"radio, community_meeting, conservation_org", ,family, ,yes,strongly_agree,strongly_agree,strongly_disagree,strongly_agree,strongly_agree, , , , ,yes,individual,no, , ,kws, ,strongly_agree,strongly_agree,strongly_disagree,strongly_disagree, ,https://drive.google.com/open?id=1jK2SrVV6i7d1QnzaNLTJGFJ1a2cVWKeh,uuid:b8168ff0-4419-4339-90bd-f8b9dfa0f12f
23/02/22 11:04,23/02/22 11:17,23/02/22, ,yes,"-0.5963282,39.7642262",120.2,4.825,owino,garissa,bula_bakari,female,18 to 28,primary,farmer, ,beyond_20 years,yes,owner,inherited,community,1991_2000,less_1km,11_15Ha,agriculture, ,"mangoes, others",Maize,yes,"destroy_property, destroy_crops", ,crops, ,dry,"night, dawn",increase,partial_loss,Na,Na,extremely_important,yes,"fence, guard, guard_dog, fire", ,not,moderately,not,not, , , , ,They break fences,They chase them but still come, , ,Dogs are afraid, ,They are used to it, , , , , , ,yes,Install proper,extreme_interest,Wire,"neighbour_uses, available, easy_use", ,"expensive_equipment, financial_constraints", ,government_institutions, ,"information, technical_support, financial_support, training", ,conservation_org, ,morning_weekend,saturday,farm, ,yes, , ,kws,verbally_in-person, ,yes,no,not_satisfied,prevention, ,no, , ,extreme_interest,"community_meeting, conservation_org", ,family, ,yes,strongly_agree,strongly_agree,strongly_agree,strongly_agree,agree, , , , ,no, ,yes,ggc, ,kws, ,strongly_agree,strongly_agree,strongly_agree,strongly_agree, ,https://drive.google.com/open?id=11By965FRWJmRwP-apc7zwTaBD9vqxWEP,uuid:d614361c-116b-40c2-8733-2f3a44ef34f7
23/02/22 11:17,23/02/22 11:30,23/02/22, ,yes,"-0.5963589,39.7642495",103.7,4.04,owino,garissa,bula_bakari,male,18 to 28,secondary,"farmer, others",Businessman,beyond_20 years,yes,owner,inherited,community,before_1980s,less_1km,11_15Ha,agriculture, ,"mangoes, others, vegetable",Maize,yes,"destroy_crops, destroy_property", ,crops, ,dry,night,no_change,partial_loss,Na,Na,extremely_important,yes,"propellas, fence, guard, guard_dog, fire", ,not,moderately,moderately,not, ,Highly, , ,They break fences,They chase them, ,They alert the guard, , ,They are used to it, , ,They make noise to show someone is around, , , ,yes,Install better fence,extreme_interest,Electric fence,"available, easy_use", ,"expensive_equipment, financial_constraints, lack_knowledge", ,government_institutions, ,"financial_support, information, training", ,"local_govt, farmer", ,morning_weekend,saturday,farm, ,no,nothing_happens, , , , ,yes,no,not_satisfied,"compensation, prevention", ,no, , ,extreme_interest,"conservation_org, community_meeting", ,family, ,yes,strongly_agree,strongly_agree,strongly_agree,strongly_agree,strongly_agree, , , , ,yes,govt,yes,ggc, ,kws, ,strongly_agree,strongly_agree,strongly_disagree,strongly_agree, ,https://drive.google.com/open?id=1OeI1Veu0WjY_taOiYicTegFR0COHLq_i,uuid:85ff4907-865e-443b-aaa0-b3e631e1f7ca
23/02/22 11:30,23/02/22 11:48,23/02/22, ,yes,"-0.596325,39.7642017",122.1,4.4,owino,garissa,bula_bakari,female,29 to 39,informal,farmer, ,beyond_20 years,yes,owner,inherited,community,before_1980s,less_1km,More_20Ha,agriculture, ,"mangoes, others",Maize,yes,"destroy_crops, destroy_property", ,crops, ,dry,"dawn, night, dusk",increase,partial_loss,Na, ,extremely_important,yes,"fence, guard, guard_dog, fire, propellas", ,not,moderately,not,not, ,moderately, , ,They break fences,They chase them but sometimes they sleep, , ,Dogs are afraid of giraffe, ,They are not afraid, , ,They go but come back, , , ,yes,Install better fence,extreme_interest,Wire mesh fence,"neighbour_uses, available, easy_use", ,"expensive_equipment, financial_constraints", ,"government_institutions, ngss", ,"information, financial_support, training", ,conservation_org, ,morning_weekend,sunday,farm, ,no,I_don't_know_where, , , , ,no, , ,compensation, ,no, , ,extreme_interest,community_meeting, ,family, ,yes,strongly_disagree,strongly_disagree,strongly_disagree,strongly_disagree,strongly_agree, , , , ,no, ,no, , ,kws, ,strongly_agree,strongly_agree,strongly_agree,strongly_agree, ,https://drive.google.com/open?id=1LCyIlBb-TbAuYWApABt6QSsvXOWtQQQc,uuid:958dea1f-5423-49c3-a067-940188bd942f
23/02/22 11:53,23/02/22 12:08,23/02/22, ,yes,"-0.5959598,39.7641696",120.9,3.9,owino,garissa,bula_bakari,female,18 to 28,primary,farmer, ,beyond_20 years,yes,owner,inherited,community,before_1980s,less_1km,less_5Ha,agriculture, ,"bananas, others, vegetable, mangoes",Maize,yes,destroy_crops, ,crops, ,dry,"night, dusk, dawn, day",increase,partial_loss,Na, ,extremely_important,yes,"fence, guard, guard_dog, others, propellas",Flashlight tied on string,not,Highly,moderately, , ,moderately,Highly, ,They break fences,They chase them away, ,They alert the guard, , , , , ,They make noise, ,They don't like light at night, ,yes,Install proper fence,extreme_interest,Install wire fence,"available, easy_use", ,"expensive_equipment, financial_constraints", ,government_institutions, ,"information, training, financial_support", ,conservation_org, ,afternoon_weekend,saturday,farm, ,no,I_don't_know_where, , , , ,no, , ,prevention, ,no, , ,extreme_interest,"conservation_org, community_meeting", ,family, ,yes,strongly_agree,agree,agree,disagree,strongly_agree, , , , ,no, ,no, , ,kws, ,strongly_agree,strongly_agree,strongly_disagree,agree, ,https://drive.google.com/open?id=1uCP_JalR3TN1ZkNEs8wy-N2Ekg75OTo4,uuid:301523e0-97e8-48aa-9461-1955fe10f707
23/02/22 12:14,23/02/22 12:27,23/02/22, ,yes,"-0.5953945,39.7647525",119.1,4.5,owino,garissa,bula_bakari,female,18 to 28,primary,farmer, ,beyond_20 years,yes,owner,inherited,community,before_1980s,less_1km,More_20Ha,agriculture, ,"lemons, mangoes", ,yes,"destroy_crops, destroy_property", ,"crops, river", ,dry,night,no_change,partial_loss,Na, ,extremely_important,yes,fence, ,not, , , , , , , ,They break fences, , , , , , , , , , , , ,yes,Install proper fence,extreme_interest,Fencing with wire,"neighbour_uses, available, easy_use", ,"expensive_equipment, financial_constraints, lack_knowledge", ,government_institutions, ,"technical_support, training, financial_support, information", ,conservation_org, ,afternoon_weekend,sunday,school, ,no,I_don't_know_where, , , , ,no, , ,"compensation, prevention", ,no, , ,extreme_interest,"conservation_org, community_meeting", ,family, ,no, , , , , ,strongly_agree,strongly_agree,strongly_agree,strongly_agree,no, ,no, , ,kws, ,strongly_agree,agree,strongly_disagree,strongly_agree, ,https://drive.google.com/open?id=16IhowCGhgjeSigSRoyAesxBvJwW91d2w,uuid:0cf8f43a-75f1-4192-9d2b-cbcf8eb3c8e4
23/02/22 12:34,23/02/22 12:47,23/02/22, ,yes,"-0.5957668,39.7635147",105.3,4.34,owino,garissa,bula_bakari,male,29 to 39,informal,farmer, ,beyond_20 years,yes,owner,inherited,community,before_1980s,less_1km,6_10Ha,agriculture, ,"mangoes, others",Maize,yes,"destroy_crops, destroy_property", ,crops, ,all_year_round,night,increase,partial_loss,Na, ,extremely_important,yes,"fence, guard, guard_dog, propellas, fire", ,not,moderately,moderately,not, ,moderately, , ,They break fences,They chase them away, ,They alert the guard, , ,They are not afraid of fire, , ,They indicate human presence, , , ,yes,Steel and wire fencing,extreme_interest,Steel and wire fence,"neighbour_uses, available, easy_use", ,"expensive_equipment, financial_constraints", ,"Indivudually, farmers_association, government_institutions, ngss", ,"training, information", ,"farmer, local_govt, conservation_org", ,morning_weekdays,friday,farm, ,no,nothing_happens, , , , ,yes,no,not_satisfied,"prevention, compensation", ,no, , ,extreme_interest,community_meeting, ,others,Fellow farmer,yes,strongly_agree,strongly_agree,strongly_agree,strongly_agree,agree, , , , ,no, ,yes,ggc, ,kws, ,strongly_agree,strongly_agree,strongly_disagree,strongly_agree, ,https://drive.google.com/open?id=1omf3lWK5SnPHjk_szTYF37iIw5A79vte,uuid:04b235ba-92cc-4f96-88e5-00a4486c6515
23/02/22 12:48,23/02/22 12:58,23/02/22, ,yes,"-0.595705,39.76346",127.3,4.9,owino,garissa,bula_bakari,male,29 to 39,primary,farmer, ,beyond_20 years,yes,owner,inherited,community,before_1980s,less_1km,less_5Ha,agriculture, ,"mangoes, others",Maize,yes,"destroy_crops, destroy_property", ,crops, ,all_year_round,"night, dawn",increase,partial_loss,Na, ,extremely_important,yes,"fence, guard, fire, propellas", ,not,Highly, ,not, ,moderately, , ,They break fences,They chase them away, , , , ,They still come even close to fire, , ,They make noise making them think someone is on the farm, , , ,yes,Install proper fence,extreme_interest,Wire fencing,"neighbour_uses, available, easy_use", ,"expensive_equipment, financial_constraints", ,government_institutions, ,"information, financial_support, training", ,others,Agricultural officers,morning_weekend,friday,chief_office, ,no,nothing_happens, , , , ,yes,no,not_satisfied,"compensation, prevention", ,no, , ,extreme_interest,"conservation_org, community_meeting", ,others,Fellow farmers,yes,strongly_agree,strongly_agree,strongly_agree,strongly_agree,strongly_agree, , , , ,no, ,yes,ggc, ,kws, ,strongly_agree,strongly_agree,strongly_disagree,strongly_agree, ,https://drive.google.com/open?id=1tsVxFvuFxXs4IGoA-6lr3hGN83xtla57,uuid:7f25d542-d834-4401-9be9-47cc02920863
24/02/22 08:55,24/02/22 09:24,24/02/22, ,yes,"-0.5326119,39.6983651",120.2,5.12,owino,garissa,bula_salama,male,50 to 59,informal,"farmer, pastoralist", ,beyond_20 years,yes,owner,first_come,community,2001_2010,less_1km,More_20Ha,agriculture, ,"mangoes, bananas, lemons", ,yes,"destroy_crops, destroy_property", ,"crops, river, water", ,dry,"night, dawn",no_change,partial_loss,Na, ,extremely_important,yes,"fence, guard, fire", ,not,moderately, ,not, , , , ,They break fences,They try but the farm is big with multiple entry points, , , , ,They are not afraid of fire I think they are used to it by now, , , , , , ,yes,Increase fence coverage,extreme_interest,Dig a trench before fence to deter the from jumping,"cheap, easy_use", ,financial_constraints, ,government_institutions, ,"financial_support, information", ,local_govt, ,morning_weekend,saturday,farm, ,no,nothing_happens, , , , ,yes,no,not_satisfied,"prevention, compensation", ,no, , ,extreme_interest,conservation_org, ,family, ,yes,strongly_agree,strongly_agree,agree,strongly_agree,agree, , , , ,yes,individual,no, , ,kws, ,strongly_agree,strongly_agree,strongly_disagree,strongly_agree, ,https://drive.google.com/open?id=1k2pqdcGhL2COKGMNHxS54d8_EZPFCtUp,uuid:1a6f5c88-6a17-4998-9117-7dd724a621b2
24/02/22 10:00,24/02/22 10:22,24/02/22, ,yes,"-0.5383407,39.7031557",114.9,4.816,owino,garissa,bula_salama,male,29 to 39,primary,"farmer, others",Community health worker volunteer,beyond_20 years,yes,owner,first_come,group,2001_2010,more_than_1km_but_less_than_2km,less_5Ha,agriculture, ,"mangoes, lemons, vegetable", ,yes,"destroy_crops, destroy_property, threaten_human", ,"crops, water", ,dry,"night, dusk, dawn",increase,partial_loss,Na, ,extremely_important,yes,"fence, propellas, guard, fire, others, guard_dog",Flashlight on a string,not,Highly,moderately,moderately, ,moderately,moderately, ,They break fences,They chase them but sleep sometimes, ,They alert the guard when he is asleep, ,"Only female and young are afraid ,adult males don't care", , , ,Female and young, ,They are used to it battery also run out of power, ,yes,Install better fence,extreme_interest,Use large tress pile to create a barrier like a fence or wire fence,"neighbour_uses, available", ,"expensive_equipment, financial_constraints", ,government_institutions, ,"information, training, financial_support", ,"conservation_org, local_govt, farmer", ,morning_weekdays,wednesday,farm, ,no,nothing_happens, , , , ,yes,no,not_satisfied,prevention, ,no, , ,extreme_interest,"radio, community_meeting, conservation_org", ,others,Agricultural officers,yes,strongly_agree,strongly_agree,agree,strongly_disagree,agree, , , , ,yes,"individual, community",yes,ggc, ,kws, ,strongly_agree,strongly_agree,strongly_agree,strongly_agree, ,https://drive.google.com/open?id=121H-OHEbn8pC8Li5Vj6f-1mfQUyMsGe7,uuid:3c9f7b23-aedd-4ab9-855b-8b392b841bed
24/02/22 11:04,24/02/22 11:33,24/02/22, ,yes,"-0.549297,39.6910987",104.2,4.46,owino,garissa,bula_salama,male,29 to 39,informal,farmer, ,beyond_20 years,yes,owner,first_come,group,2001_2010,beyond_5km,less_5Ha,agriculture, ,"mangoes, lemons, vegetable", ,yes,"destroy_crops, destroy_property", ,"crops, water", ,dry,"dawn, dusk, night",increase,partial_loss,Na, ,very_important,yes,"fence, guard, guard_dog, fire, propellas, others",Flashlight on a string,not,moderately,moderately,moderately, ,Highly,not, ,They fences,They chase them but big they go through other entry points, ,They alert the guard when asleep, ,They avoid coming through places with fire, , , ,Make noise but after sometime they get used to it and pass reg, , ,They are used to flashlight by now,yes,Use solar light,extreme_interest,Wire fencing and solar lights,"easy_use, available", ,"expensive_equipment, financial_constraints", ,government_institutions, ,"information, training, financial_support", ,local_govt, ,morning_weekdays,friday,farm, ,no,nothing_happens, , , , ,yes,no,not_satisfied,prevention, ,no, , ,extreme_interest,conservation_org, ,owner, ,yes,strongly_agree,strongly_agree,strongly_agree,strongly_agree,agree, , , , ,no, ,yes,ggc, ,kws, ,strongly_agree,strongly_agree,strongly_disagree,agree, ,https://drive.google.com/open?id=1k_t2nSzqML3fqMAozsdaXEwhAdo7Feqr,uuid:1a4b5583-0f39-410e-bf59-da13e37d083e
24/02/22 11:34,24/02/22 11:47,24/02/22, ,yes,"-0.5492679,39.6911365",106.7,3.9,owino,garissa,bula_salama,male,18 to 28,primary,farmer, ,beyond_20 years,yes,owner,first_come,group,2001_2010,mor_ than_3km_but less_than_4km,less_5Ha,agriculture, ,"mangoes, lemons, vegetable", ,yes,"destroy_crops, destroy_property", ,"crops, water", ,dry,"dawn, dusk, night",increase,partial_loss,Na, ,extremely_important,yes,"fence, propellas, guard, fire, others",Flashlight on a string,not,moderately, ,moderately, ,not,not, ,They break fences,Effective but human sleep sometimes, , , ,They avoid entry where there is fire, , , , ,They are used to this method, ,They are used to this method,yes,Add watchmen,extreme_interest,Add watchmen,"available, easy_use", ,financial_constraints, ,"government_institutions, ngss", ,"information, training, financial_support", ,conservation_org, ,morning_weekdays,friday,farm, ,no,nothing_happens, , , , ,yes,no,not_satisfied,compensation, ,no, , ,extreme_interest,"conservation_org, community_meeting", ,family, ,yes,strongly_agree,strongly_agree,strongly_agree,strongly_agree,strongly_agree, , , , ,no, ,yes,ggc, ,kws, ,strongly_agree,strongly_agree,strongly_disagree,strongly_agree, ,https://drive.google.com/open?id=1udjt1GMSrr4697REm_k__fR-jthKbEcZ,uuid:8ba03449-b38f-4e1a-af4d-9b8461eb5875
24/02/22 11:47,24/02/22 12:13,24/02/22, ,yes,"-0.5492581,39.6911425",106.5,4.52,owino,garissa,bula_salama,female,40 to 49,informal,farmer, ,beyond_20 years,yes,owner,inherited,group,1991_2000,mor_ than_3km_but less_than_4km,less_5Ha,agriculture, ,"mangoes, lemons", ,yes,"destroy_crops, destroy_property", ,"crops, water", ,dry,"dusk, dawn, night",increase,total_loss,Na, ,extremely_important,yes,"fence, fire, others, propellas",Flashlight on a string,not, , ,moderately, ,moderately,moderately, ,They break fences, , , , ,They avoid entry at points with fire, , , ,They are sometimes scared but not always, ,It show human presence, ,yes,Install better fence,extreme_interest,Wire fencing,"neighbour_uses, available", ,"expensive_equipment, financial_constraints", ,government_institutions, ,"financial_support, information, technical_support", ,local_govt, ,morning_weekdays,wednesday,farm, ,no,"others, I_don't_know_where",I don't have time to go and report, , , ,no, , ,prevention, ,no, , ,extreme_interest,"conservation_org, community_meeting", ,family, ,yes,strongly_agree,strongly_agree,agree,strongly_agree,agree, , , , ,no, ,yes,ggc, ,kws, ,strongly_agree,strongly_agree,strongly_disagree,strongly_agree, ,https://drive.google.com/open?id=1TpfcHDv0c6TY_9ciH1VCTcUoIEIWkiGS,uuid:a93460ca-5d73-4f22-bbfc-ad583c6148bc
24/02/22 12:17,24/02/22 12:38,24/02/22, ,yes,"-0.5492639,39.6911356",99.5,4.683,owino,garissa,bula_salama,male,50 to 59,informal,farmer, ,beyond_20 years,yes,owner,first_come,group,2001_2010,more_than_1km_but_less_than_2km,less_5Ha,agriculture, ,"mangoes, lemons", ,yes,destroy_crops, ,"crops, water", ,dry,"dawn, dusk, night",increase,partial_loss,Na, ,extremely_important,yes,"fence, propellas, guard, fire, others",Floodlight on a string,not,Highly, ,moderately, ,moderately,Highly, ,They break fences,They chase them away, , , ,They avoid fire area, , , ,They produce sound when wind blows making the think there are human, ,They don't like like at night, ,yes,Install proper fence,extreme_interest,Wire fencing,"neighbour_uses, available", ,"expensive_equipment, financial_constraints", ,government_institutions, ,"information, financial_support, training", ,conservation_org, ,morning_weekdays,wednesday,farm, ,no,nothing_happens, , , , ,no, , ,prevention, ,no, , ,extreme_interest,"community_meeting, conservation_org", ,family, ,yes,agree,strongly_agree,agree,agree,agree, , , , ,no, ,yes,ggc, ,kws, ,strongly_agree,agree,strongly_disagree,strongly_agree, ,https://drive.google.com/open?id=105xtMHT_AKUEXEhV2NU59P7Xz9BknBaf,uuid:d559ba9e-eb52-4377-aeb6-de1c776af525
24/02/22 12:39,24/02/22 12:54,24/02/22, ,yes,"-0.5491926,39.6910974",109.1,4.74,owino,garissa,bula_salama,male,40 to 49,informal,farmer, ,beyond_20 years,yes,owner,first_come,group,2001_2010,beyond_5km,less_5Ha,agriculture, ,"mangoes, lemons", ,yes,"destroy_property, destroy_crops", ,"crops, water", ,dry,night,increase,partial_loss,Na, ,extremely_important,yes,"fence, guard, fire, propellas, others",Flashing string,not,Highly, ,moderately, ,moderately,moderately, ,They break fences,They chase them away but some male giraffes are not afraid, , , ,They just go through somewhere else with no fire, , , ,Some are afrother don't care, ,They are used to it by now, ,yes,Install  proper fence,extreme_interest,Electric fence,"neighbour_uses, available", ,"financial_constraints, expensive_equipment, lack_knowledge", ,"government_institutions, ngss", ,"information, training, financial_support", ,conservation_org, ,morning_weekdays,wednesday,farm, ,no,nothing_happens, , , , ,yes,no,not_satisfied,prevention, ,no, , ,extreme_interest,"community_meeting, conservation_org", ,family, ,yes,strongly_agree,strongly_agree,strongly_agree,agree,agree, , , , ,no, ,yes,ggc, ,kws, ,agree,strongly_agree,strongly_disagree,strongly_agree, ,https://drive.google.com/open?id=1qJ9KO7ZPscl5MAfITpCs7xe_cHJlelAi,uuid:2d5f419f-74a0-46d1-bb12-03547a600faa
25/02/22 08:38,25/02/22 08:56,25/02/22, ,yes,"-0.5454252,39.6916803",83.7,4.8,owino,garissa,bula_salama,male,29 to 39,primary,"pastoralist, farmer, government_employee", ,beyond_20 years,yes,owner,first_come,group,2001_2010,more_than_2km_but_less_than_3km,less_5Ha,agriculture, ,"mangoes, lemons", ,yes,"destroy_crops, destroy_property", ,"crops, water", ,all_year_round,"dawn, dusk, night",increase,partial_loss,Na, ,extremely_important,yes,"propellas, fence, guard, fire, others",Flashlight on a string,not,moderately, ,moderately, ,moderately,moderately, ,They break fences,Sometimes they sleep nbut it helps when awake, , , ,The fire burns out and some are not even afraid anymore, , , ,This helps with new individuals and maybe females males do not care, ,They are used to this, ,yes,Employ another guard,extreme_interest,Employ more guards,"available, easy_use", ,financial_constraints, ,"government_institutions, ngss", ,"financial_support, training, information", ,"conservation_org, local_govt, farmer", ,morning_weekend,sunday,farm, ,no,nothing_happens, , , , ,yes,no,not_satisfied,"prevention, compensation", ,no, , ,extreme_interest,"radio, newspaper, conservation_org, community_meeting", ,family, ,yes,strongly_agree,strongly_agree,strongly_agree,agree,strongly_agree, , , , ,no, ,yes,ggc, ,kws, ,strongly_agree,strongly_agree,strongly_disagree,strongly_agree, ,https://drive.google.com/open?id=1nuLqlB9bXod-rHzqy_IQy65gry-C4Ams,uuid:0dd66e37-63aa-4787-9923-30a99a021079
25/02/22 10:06,25/02/22 10:21,25/02/22, ,yes,"-0.5478069,39.6900371",203.3,15.1,owino,garissa,bula_salama,male,40 to 49,informal,farmer, ,beyond_20 years,no,owner,first_come,group,2001_2010,more_than_2km_but_less_than_3km,less_5Ha,agriculture, ,"mangoes, lemons, others",Guava,yes,"destroy_crops, destroy_property", ,"crops, water", ,all_year_round,"dawn, dusk, night",increase,partial_loss,Na, ,extremely_important,yes,"fence, guard, guard_dog, fire, others, propellas",Flashlight on a string,not,moderately,moderately,not, ,moderately,moderately, ,They break fences,We chase them away, ,They just alert you of their presence, , ,Some are afraid others don't care especially male adults, , ,Works for females and young but not adult males, ,It shows people are around but adult males still come, ,no, ,extreme_interest,Employ more guards,available, ,financial_constraints, ,government_institutions, ,"information, technical_support, financial_support, training", ,farmer, ,morning_weekdays,thursday,farm, ,no,nothing_happens, , , , ,yes,no,not_satisfied,"compensation, prevention", ,no, , ,extreme_interest,"conservation_org, community_meeting", ,family, ,no, , , , , ,strongly_agree,strongly_agree,strongly_agree,agree,no, ,yes,ggc, ,kws, ,strongly_agree,strongly_agree,disagree,agree, ,https://drive.google.com/open?id=1vZ48yWCIvy5xNTBQtvt5FYwoBqqhSL2B,uuid:79e6f389-7c9a-4aa5-a9a6-a59b92c3cb9d
25/02/22 10:23,25/02/22 10:37,25/02/22, ,yes,"-0.5480689,39.6909456",111.2,4.883,owino,garissa,bula_salama,male,40 to 49,informal,"farmer, pastoralist", ,beyond_20 years,yes,owner,first_come,group,2001_2010,more_than_2km_but_less_than_3km,less_5Ha,agriculture, ,"mangoes, lemons", ,yes,"destroy_crops, destroy_property", ,"water, crops", ,dry,"dawn, dusk, night",increase,partial_loss,Na, ,extremely_important,yes,"guard, fire, propellas", , ,moderately, ,moderately, ,moderately, , , ,They chase them away, , , ,Some are afraid but not all, , , ,"When we chase giraffes we knock iron sheet to produce noice spaying them makes them think so,eome is around", , , ,yes,Install a fence,extreme_interest,Wire fencing,"available, easy_use", ,"financial_constraints, expensive_equipment", ,"government_institutions, ngss", ,"financial_support, information", ,"conservation_org, local_govt", ,morning_weekdays,friday,farm, ,no,nothing_happens, , , , ,no, , ,prevention, ,no, , ,extreme_interest,"conservation_org, community_meeting", ,family, ,yes,strongly_agree,strongly_agree,strongly_agree,agree,strongly_agree, , , , ,no, ,yes,ggc, ,kws, ,strongly_agree,strongly_agree,strongly_disagree,strongly_agree, ,https://drive.google.com/open?id=1aLCvLpJX7U4WzsG1x61TuewXhDv4c3N0,uuid:505eb107-9010-4c21-a1ac-e01b5ab5e9d4
25/02/22 10:57,25/02/22 11:25,25/02/22, ,yes,"-0.5480069,39.6907168",122.6,4.8,owino,garissa,bula_salama,male,50 to 59,informal,farmer, ,beyond_20 years,no,owner,first_come,group,2001_2010,more_than_2km_but_less_than_3km,less_5Ha,agriculture, ,"mangoes, lemons, vegetable", ,yes,"destroy_crops, destroy_property", ,"crops, water", ,all_year_round,"dawn, dusk, night",increase,partial_loss,Na, ,extremely_important,yes,"others, propellas, guard, fire",Floodlights on a string, ,Highly, ,moderately, ,moderately,moderately, , ,Chase them whenever enter, , , ,They avoid entry at fire points, , , ,They think there are human around, ,Indicate humans presence, ,yes,Install proper fence,extreme_interest,Wire fencing,available, ,"expensive_equipment, financial_constraints", ,"government_institutions, ngss", ,"information, financial_support, training", ,"farmer, local_govt, conservation_org", ,morning_weekdays,friday,farm, ,no,others,I barely have time to go report, , , ,no, , ,prevention, ,no, , ,extreme_interest,"conservation_org, community_meeting", ,family, ,yes,strongly_agree,strongly_agree,strongly_agree,strongly_agree,strongly_agree, , , , ,no, ,yes,ggc, ,kws, ,strongly_agree,strongly_agree,strongly_disagree,strongly_agree, ,https://drive.google.com/open?id=1PRkGiQCYmxT2AIF9r3Zy8cSvCxPjFTLQ,uuid:7d09cdfe-091f-42fb-a2fe-0e5e9323a598
26/02/22 09:19,26/02/22 09:35,26/02/22, ,yes,"-0.5954583,39.7642233",108,4.8,owino,garissa,bula_bakari,male,18 to 28,primary,"farmer, others",Charcoal burning,beyond_20 years,yes,owner,inherited,community,1991_2000,less_1km,11_15Ha,"agriculture, others",Charcoal burning,"mangoes, others",Maize,yes,"destroy_crops, destroy_property", ,"crops, river", ,dry,"night, dusk, dawn",increase,partial_loss,Na, ,extremely_important,yes,"fence, guard, fire, propellas", ,not,moderately, ,moderately, ,moderately, , ,They break fences,They sleep sometimes and that is when they come, , , ,Burns out but helps although others are not scared of it, , , ,They think there is someone on the farm, , , ,yes,Install better fence,extreme_interest,Wire fencing,"neighbour_uses, available", ,"expensive_equipment, financial_constraints", ,"ngss, government_institutions", ,"information, training, financial_support", ,conservation_org, ,morning_weekdays,friday,others,In the village,no,others,I don't know the offices of kws, , , ,no, , ,compensation, ,no, , ,extreme_interest,conservation_org, ,others,Agricultural officers,yes,strongly_agree,strongly_agree,disagree,strongly_agree,strongly_agree, , , , ,no, ,yes,ggc, ,kws, ,strongly_agree,strongly_agree,strongly_disagree,strongly_agree, ,https://drive.google.com/open?id=1Zv5QXOzLbrXWt1HSyGLirv9akCG7cQo3,uuid:195b0329-6f11-4f4b-a29c-469be450928c
26/02/22 09:55,26/02/22 10:13,26/02/22, ,yes,"-0.6051853,39.7557021",100,4.975,owino,garissa,bula_bakari,male,18 to 28,primary,farmer, ,beyond_20 years,yes,owner,inherited,community,2011_2020,less_1km,less_5Ha,agriculture, ,"mangoes, others, vegetable",Maize,yes,"destroy_crops, destroy_property", ,"crops, river", ,dry,night,increase,partial_loss,Na, ,extremely_important,yes,"fence, guard, guard_dog, fire, others, propellas",Flashlight on a string,not,Highly,moderately,moderately, ,moderately,moderately, ,They break fences,They chase them, ,They alert the guards, ,It indicate human presence, , , ,It indicate human presence, ,Indicate human presence, ,yes,Install proper fence,extreme_interest,Wire fencing  and security lights,"neighbour_uses, available, easy_use", ,"expensive_equipment, financial_constraints", ,"Indivudually, government_institutions, ngss", ,"information, training, financial_support", ,farmer, ,morning_weekdays,friday,school, ,no,others,They offices are very far, , , ,yes,no,not_satisfied,"compensation, prevention", ,no, , ,extreme_interest,"community_meeting, conservation_org", ,family, ,yes,strongly_agree,strongly_agree,strongly_agree,strongly_agree,strongly_agree, , , , ,no, ,yes,ggc, ,kws, ,strongly_agree,strongly_agree,strongly_disagree,strongly_agree, ,https://drive.google.com/open?id=1Alqf1yfk2xjimEey-iKVQR_jc4aY3PMF,uuid:8b6ff998-9fb3-401d-8873-2452c9e764f3
26/02/22 10:14,26/02/22 10:27,26/02/22, ,yes,"-0.6051872,39.7556742",110.3,10.75,owino,garissa,bula_bakari,male,60 or older,informal,farmer, ,beyond_20 years,yes,owner,inherited,community,before_1980s,less_1km,6_10Ha,agriculture, ,"mangoes, lemons, others, vegetable, melon",Maize,yes,"destroy_crops, destroy_property", ,crops, ,dry,night,increase,partial_loss,Na, ,extremely_important,yes,"fence, guard, fire", ,not,moderately, ,moderately, , , , ,They break fences,They chase them away, , , ,They are afraid it shows human presence, , , , , , , ,yes,Install proper fence,extreme_interest,Wire fencing,"neighbour_uses, available", ,"expensive_equipment, financial_constraints", ,"government_institutions, ngss", ,"information, training, financial_support", ,conservation_org, ,morning_weekdays,friday,farm, ,no,nothing_happens, , , , ,yes,no,not_satisfied,"compensation, prevention", ,no, , ,extreme_interest,"conservation_org, community_meeting", ,family, ,yes,strongly_agree,strongly_agree,strongly_agree,strongly_agree,strongly_agree, , , , ,no, ,yes,ggc, ,kws, ,strongly_agree,strongly_agree,strongly_disagree,strongly_agree, ,https://drive.google.com/open?id=1m1eqOPcGD0FeIXmdw7N836GaGFG-_sSs,uuid:2c8a3035-7c3e-4757-801a-6fd647dfdd67
26/02/22 10:36,26/02/22 10:50,26/02/22, ,yes,"-0.6032193,39.7541784",108.2,8.12,owino,garissa,bula_bakari,female,18 to 28,informal,farmer, ,beyond_20 years,yes,owner,inherited,community,1991_2000,less_1km,6_10Ha,agriculture, ,"mangoes, others",Maize,yes,"destroy_crops, destroy_property", ,"crops, river", ,dry,night,increase,partial_loss,Na, ,extremely_important,yes,"fence, guard, guard_dog, fire, propellas", ,not,moderately,moderately,not, ,Highly, , ,They break fences,They chase them but some days they sleep, ,They alert the guard, , ,They even pass close to it, , ,When someone shakes it they go but when tied to be blown by wind it doesn't help, , , ,yes,Install proper fence,extreme_interest,Wire fencing,"neighbour_uses, available, easy_use", ,"expensive_equipment, financial_constraints", ,"government_institutions, ngss, Indivudually", ,"information, financial_support, training", ,conservation_org, ,morning_weekend,saturday,farm, ,no,I_don't_know_where, , , , ,no, , ,compensation, ,no, , ,extreme_interest,"conservation_org, community_meeting", ,family, ,yes,strongly_agree,strongly_agree,strongly_agree,agree,strongly_agree, , , , ,no, ,no, , ,kws, ,strongly_agree,strongly_agree,strongly_disagree,strongly_agree, ,https://drive.google.com/open?id=1IN9v3zKBh4KjnIoxf94FfTt0e32SGsL1,uuid:7297e1fd-acfd-43f7-a28a-f30e38c4810a
28/02/22 08:09,28/02/22 08:35,28/02/22, ,yes,"-0.5045521,39.6802589",95.6,4.75,owino,garissa,bour_algy,male,50 to 59,informal,"farmer, pastoralist", ,beyond_20 years,yes,owner,inherited,community,2011_2020,less_1km,less_5Ha,agriculture, ,"lemons, mangoes", ,yes,"destroy_crops, destroy_property", ,"crops, water", ,dry,"night, dawn",no_change,total_loss,Na, ,extremely_important,yes,"fence, propellas, guard, others, fire",Flashlight on a string,not,moderately, ,not, ,moderately,moderately, ,They break fences,"They chase them away, giraffe are afraid of human", , , , ,I think they are used to it, , ,They think someone is waving and making noise, ,They are used to flashlight, ,yes,Use security light giraffes think they will be seen raiding farms,extreme_interest,Security lights,"neighbour_uses, available", ,"expensive_equipment, financial_constraints, lack_knowledge", ,"government_institutions, ngss", ,"information, technical_support, training, financial_support", ,local_govt, ,morning_weekend,saturday,farm, ,yes, , ,kws,verbally_in-person, ,yes,yes,moderately_satisfied,prevention, ,no, , ,extreme_interest,"community_meeting, conservation_org", ,owner, ,yes,disagree,agree,agree,strongly_agree,agree, , , , ,no, ,yes,ggc, ,kws, ,strongly_agree,agree,strongly_agree,strongly_agree, ,https://drive.google.com/open?id=1TXQcluB3puUKbEp23G68lGncWCfLjroC,uuid:5032f01b-8098-4f8e-95fb-263c15734236
01/03/22 08:10,01/03/22 08:45,01/03/22, ,yes,"-0.4971067,39.6707683",126.8,4.5,owino,garissa,bula_gem,male,60 or older,informal,"farmer, others",Ex kws officer,beyond_20 years,yes,owner,inherited,community,before_1980s,less_1km,More_20Ha,agriculture, ,"mangoes, others, lemons, bananas",Guava and pawpaw,yes,"destroy_crops, destroy_property", ,"crops, water, river", ,dry,"night, dawn, dusk",increase,partial_loss,Na, ,extremely_important,yes,"guard, fence", ,not,moderately, , , , , , ,They break fences,They chase them but sometimes sleep, , , , , , , , , , , ,no, ,no_interest, , , ,others,"I don't think it is fair to chase them while we are the problem. Blocking water points brought this problem,",government_institutions, ,others,I don't want to try any other method,"conservation_org, local_govt", ,morning_weekend,saturday,farm, ,no,nothing_happens, , , , ,no, , ,others,Nothing really we will just live with them,no, , ,no_interest,others,I worked with kws I don't know more about animals and I have accepted the fate,"family, others",As a former kws officer I advise other farmers around me,yes,strongly_agree,strongly_agree,strongly_agree,strongly_agree,strongly_agree, , , , ,yes,"govt, community, individual, NGOs",yes,"ihcc, anr, rnr, ggc", ,kws, ,strongly_agree,strongly_agree,strongly_disagree,strongly_agree, ,https://drive.google.com/open?id=1_x12DYqKv3F3qkktlEqBqY2PSlSwyVXV,uuid:e04e8dc5-d2a1-4e57-a05c-ab5f348a42bc
01/03/22 09:06,01/03/22 09:20,01/03/22, ,yes,"-0.4952367,39.671184",128.4,4.2,owino,garissa,bula_gem,male,60 or older,secondary,"farmer, pastoralist", ,beyond_20 years,yes,owner,inherited,group,before_1980s,less_1km,More_20Ha,agriculture, ,"mangoes, others, lemons, vegetable, melon, bananas",Guava,yes,"destroy_crops, destroy_property", ,"crops, water", ,dry,night,increase,partial_loss,Na, ,extremely_important,yes,"propellas, guard, fence, fire", ,not,Highly, ,not, ,Highly, , ,They break fences,They chase them, , , , ,They are not afraid of fire unless someone is in the farm, , ,They make noise to chase them but not when they are rushing, , , ,yes,Install proper fence,extreme_interest,Wire fencing or electricity,"available, easy_use", ,"expensive_equipment, financial_constraints, lack_knowledge", ,government_institutions, ,"financial_support, training", ,"farmer, others",Researcher,morning_weekend,saturday,farm, ,no,nothing_happens, , , , ,yes,no,not_satisfied,"prevention, compensation", ,no, , ,extreme_interest,"radio, newspaper, conservation_org, community_meeting, social_media", ,others,Agricultural officers,yes,strongly_agree,strongly_agree,strongly_agree,strongly_agree,strongly_agree, , , , ,yes,individual,yes,ggc, ,kws, ,strongly_agree,strongly_agree,strongly_disagree,strongly_agree, ,https://drive.google.com/open?id=1lyujtbLSxIXVsS1Do0_LqGhwO1qZe-DN,uuid:b7b86a65-3e1f-424e-ad45-0aeb89fd54a0
01/03/22 09:32,01/03/22 09:55,01/03/22, ,yes,"-0.4942685,39.6710186",140.9,4.96,owino,garissa,bula_gem,male,60 or older,informal,"farmer, pastoralist", ,beyond_20 years,no,owner,first_come,group,1991_2000,less_1km,less_5Ha,agriculture, ,"mangoes, lemons, others",Guava,yes,"destroy_crops, destroy_property", ,"crops, water", ,dry,night,increase,partial_loss,Na, ,extremely_important,yes,"fence, propellas, fire, guard, others",Flashlight on a string,not,Highly, ,not, ,moderately,not, ,They break fences,They chase them, , , , ,They are used to it, , ,They make noise chasing them but they return, , ,They are used to it unless someone is waving it they even pass close to the flashlight,yes,Install proper fence,extreme_interest,Wire fencing,"neighbour_uses, available, easy_use", ,"expensive_equipment, financial_constraints", ,Indivudually, ,"information, financial_support, training", ,"local_govt, conservation_org, farmer", ,morning_weekend,saturday,farm, ,yes, , ,farmers_association,verbally_in-person, ,no, , ,prevention, ,no, , ,extreme_interest,community_meeting, ,family, ,yes,strongly_disagree,strongly_agree,agree,strongly_agree,agree, , , , ,no, ,yes,ggc, ,kws, ,strongly_agree,strongly_agree,strongly_disagree,strongly_agree, ,https://drive.google.com/open?id=1L6amSvJKUf3DdplGEC0fRf06l601yxAh,uuid:7b46ff35-71c6-40a1-b413-32401cb967e2
01/03/22 10:01,01/03/22 10:27,01/03/22, ,yes,"-0.4937658,39.6712115",119.1,4.3,owino,garissa,bula_gem,male,60 or older,informal,"farmer, pastoralist", ,beyond_20 years,yes,owner,first_come,group,before_1980s,less_1km,less_5Ha,agriculture, ,"mangoes, lemons, bananas, others",Guava,yes,destroy_crops, ,"crops, water", ,dry,night,increase,partial_loss,Na,Na,extremely_important,yes,"others, guard, fire, fence",Flashlight on a string,not,Highly, ,not, , ,moderately, ,They break it it is live fence,They chase them away, , , , ,They are used to fire, , , , ,"They are used to it, it used to help but not anymore", ,yes,Increase live guard,extreme_interest,Increase live guards,available, ,"expensive_equipment, financial_constraints", ,government_institutions, ,"financial_support, information, training", ,"conservation_org, local_govt, farmer", ,morning_weekend,sunday,farm, ,no,nothing_happens, , , , ,yes,no,not_satisfied,prevention, ,no, , ,extreme_interest,radio, ,family, ,yes,strongly_agree,strongly_agree,strongly_agree,agree,strongly_agree, , , , ,no, ,yes,ggc, ,kws, ,strongly_agree,strongly_agree,strongly_disagree,strongly_agree, ,https://drive.google.com/open?id=10p26EsI3KARm02-DsL642hNVf4unZo_L,uuid:2f658112-6200-46f7-8bdf-218702738ec1
01/03/22 10:28,01/03/22 10:47,01/03/22, ,yes,"-0.4937358,39.6711791",123.9,4.8,owino,garissa,bula_gem,male,60 or older,informal,"farmer, pastoralist", ,beyond_20 years,no,owner,first_come,group,1991_2000,more_than_1km_but_less_than_2km,less_5Ha,agriculture, ,"bananas, lemons, mangoes", ,yes,destroy_crops, ,"crops, water", ,dry,night,increase,partial_loss,Na, ,extremely_important,yes,"fence, guard", ,not,moderately, , , , , , ,They break fences,Sleeps but when awake it helps, , , , , , , , , , , ,yes,Install proper fence,extreme_interest,Wire fencing,"neighbour_uses, available, easy_use", ,"expensive_equipment, financial_constraints", ,government_institutions, ,"information, financial_support, training", ,"farmer, local_govt, conservation_org", ,morning_weekend,saturday,farm, ,no,nothing_happens, , , , ,yes,no,not_satisfied,prevention, ,no, , ,extreme_interest,"radio, community_meeting", ,family, ,yes,strongly_agree,strongly_agree,strongly_agree,strongly_agree,agree, , , , ,no, ,yes,ggc, ,kws, ,strongly_agree,strongly_agree,strongly_disagree,strongly_agree, ,https://drive.google.com/open?id=1ELgLBrFbh05ghmvran1jmSonuBZ_aTX4,uuid:e781450d-006d-48f2-9aa8-f25d0444b9c7
01/03/22 10:58,01/03/22 11:29,01/03/22, ,yes,"-0.4930019,39.6715443",207.3,4.916,owino,garissa,bula_gem,male,60 or older,informal,"farmer, pastoralist", ,beyond_20 years,yes,owner,inherited,community,before_1980s,less_1km,less_5Ha,agriculture, ,"mangoes, bananas, lemons, others","Guava,  pawpaw",yes,"destroy_crops, destroy_property", ,"crops, water", ,dry,"night, dawn",increase,partial_loss,Na, ,extremely_important,yes,"guard, fence, fire", ,moderately,Highly, ,moderately, , , ,It is wire fence but sometimes they still break through, ,When someone is in the farm they cannot break the fence, , , ,It helps they cannot break the fence, , , , , , , ,yes,Use security lights in addition to fencing and live guard,extreme_interest,Security lights,"available, easy_use", ,"expensive_equipment, financial_constraints", ,"government_institutions, ngss", ,"financial_support, information, training", ,"farmer, local_govt, conservation_org", ,morning_weekend,saturday,farm, ,no,others,I have been sick for awhile I had no chance to report, , , ,yes,yes,satisfied,prevention, ,no, , ,extreme_interest,"conservation_org, community_meeting", ,family, ,yes,agree,strongly_agree,agree,agree,agree, , , , ,no, ,yes,ggc, ,kws, ,strongly_agree,strongly_agree,strongly_disagree,strongly_agree, ,https://drive.google.com/open?id=1ll7xXmlT5y-YGoe6HoYflxhgM91LCoct,uuid:1f9b2657-73af-4b47-a1bc-57441f405ab0
01/03/22 11:48,01/03/22 12:12,01/03/22, ,yes,"-0.4944418,39.669868",101.3,4.52,owino,garissa,bula_gem,male,60 or older,primary,"farmer, others",Ex kws,beyond_20 years,yes,owner,first_come,community,1991_2000,more_than_1km_but_less_than_2km,less_5Ha,agriculture, ,"mangoes, lemons", ,yes,"destroy_property, destroy_crops", ,"crops, water, river", ,dry,night,increase,partial_loss,Na, ,extremely_important,yes,"guard, fence, fire, propellas", ,not,Highly, ,not, ,moderately, , ,They break fences,When awake they chase them, , , , ,They are used to it by now but it helps, , ,They are used it, , , ,yes,Install proper fence,extreme_interest,Wire fencing,"neighbour_uses, available", ,"expensive_equipment, financial_constraints", ,"Indivudually, government_institutions", ,"information, financial_support, training", ,others,Agricultural officers,morning_weekend,saturday,farm, ,no,"others, nothing_happens",It has become a normal thing, , , ,yes,no,not_satisfied,"prevention, compensation", ,no, , ,extreme_interest,"conservation_org, community_meeting", ,family, ,yes,strongly_agree,strongly_agree,strongly_agree,strongly_agree,strongly_agree, , , , ,yes,"govt, community, NGOs, individual",yes,"ggc, anr, rnr, bec, ihcc", ,kws, ,strongly_agree,strongly_agree,strongly_disagree,strongly_agree, ,https://drive.google.com/open?id=1uquLCKiBfx2VjrlRtpwfQ1DiYsaZJqN-,uuid:bb57be69-e10c-4756-97f1-b4eda6509a7a
04/03/22 08:34,04/03/22 08:59,04/03/22, ,yes,"-0.4939467,39.6694308",127.5,4.983,owino,garissa,bula_gem,male,60 or older,informal,"farmer, pastoralist", ,beyond_20 years,yes,owner,first_come,group,1991_2000,more_than_1km_but_less_than_2km,less_5Ha,agriculture, ,mangoes, ,yes,"destroy_crops, destroy_property", ,"crops, water", ,dry,"dawn, night, dusk",increase,partial_loss,Na, ,extremely_important,yes,"fence, propellas, fire", ,not, , ,not, ,not, , ,The break the fence on daily basis (wire fence), , , , , ,They are used to it, , , ,They are used to this, , ,no, ,extreme_interest,Employ a live guard,available, ,financial_constraints, ,Indivudually, ,financial_support, ,"farmer, local_govt, conservation_org", ,morning_weekend,saturday,others,In the village,no,nothing_happens, , , , ,yes,no,not_satisfied,prevention, ,no, , ,extreme_interest,"community_meeting, conservation_org", ,owner, ,yes,strongly_agree,strongly_agree,agree,strongly_agree,strongly_agree, , , , ,no, ,yes,ggc, ,kws, ,strongly_agree,strongly_agree,strongly_disagree,strongly_agree, ,https://drive.google.com/open?id=1U_PPEEKVuJiCN_w1aHiPKHYZIamBWFzp,uuid:6caa1bff-a0d0-448a-913b-ba6a31104b8a
04/03/22 09:08,04/03/22 09:28,04/03/22, ,yes,"-0.4927464,39.6698791",104.3,6.366,owino,garissa,bula_gem,female,40 to 49,informal,farmer, ,beyond_20 years,yes,owner,purchased,group,2011_2020,beyond_5km,6_10Ha,agriculture, ,"mangoes, lemons, bananas", ,yes,"destroy_crops, destroy_property", ,crops, ,dry,night,increase,partial_loss,Na, ,extremely_important,yes,"fence, guard, fire", ,not,moderately, ,not, , , , ,Giraffe is tall and can jump over fence or even break it (wire fence),They are effective but sleep sometimes, , , , ,They are used to fire, , , , , , ,yes,Maybe have other farms around but for now my farm is the only farm in that area,no_interest, , , ,"accustomed_to_current_methods, don't_know_other_methods", ,"government_institutions, ngss", ,"information, financial_support, training", ,"conservation_org, local_govt", ,morning_weekend,saturday,others,Village,no,nothing_happens, , , , ,no, , ,prevention, ,yes,conservation_org, ,extreme_interest,"conservation_org, community_meeting", ,family, ,no, , , , , ,strongly_agree,strongly_agree,strongly_agree,agree,no, ,yes,ggc, ,kws, ,strongly_agree,strongly_agree,disagree,agree, ,https://drive.google.com/open?id=17aynTc_3hrQoTP2oVVXP9Z_e4RTYIsHG,uuid:c17ced8e-b122-486d-91c1-10e914d8f634
04/03/22 09:35,04/03/22 09:50,04/03/22, ,yes,"-0.4928514,39.6711936",171.7,5.466,owino,garissa,bula_gem,female,18 to 28,primary,"farmer, ranger", ,beyond_20 years,yes,owner,purchased,individual,2011_2020,beyond_5km,6_10Ha,agriculture, ,"mangoes, lemons, bananas", ,yes,"destroy_crops, destroy_property", ,"crops, water, river", ,dry,"night, dawn",increase,partial_loss,Na, ,very_important,yes,"fence, guard, propellas", ,moderately,moderately, , , ,moderately, ,They break fences, ,They chase them but sleep sometimes, , , , , , , ,They think someone is in the farm, , , ,yes,Install proper fence,extreme_interest,Wire fencing,"available, easy_use", ,"financial_constraints, expensive_equipment", ,Indivudually, ,"training, information", ,local_govt, ,morning_weekend,saturday,farm, ,yes, , ,kws,verbally_in-person, ,yes,yes,not_satisfied,"prevention, compensation", ,yes,conservation_org, ,extreme_interest,"conservation_org, community_meeting", ,family, ,yes,agree,strongly_agree,agree,strongly_agree,agree, , , , ,yes,"govt, individual, NGOs",yes,"bec, ggc, ihcc, anr, rnr", ,"hcp, sgp, kws, nrt", ,agree,agree,strongly_agree,disagree, ,https://drive.google.com/open?id=1nqNdk5CJrI1MIxXRrBzLJaWUUgIMftBV,uuid:b1fe2855-03d8-492f-b008-c1210fa80bee
04/03/22 10:05,04/03/22 10:22,04/03/22, ,yes,"-0.4907343,39.6725378",125.4,4.98,owino,garissa,bula_gem,male,40 to 49,primary,"farmer, others",Charcoal burning,beyond_20 years,yes,owner,inherited,community,1991_2000,less_1km,less_5Ha,agriculture, ,"mangoes, lemons", ,yes,"destroy_crops, destroy_property", ,"crops, water, river", ,dry,"night, dusk, dawn",increase,partial_loss,Na, ,very_important,yes,"fence, guard, fire, propellas", ,not,moderately, ,not, ,not, , ,They break and jump over fence,They sleep but chase them when awake, , , , ,They are used to it by now, , , ,They don't care anymore, , ,yes,Install proper fence,extreme_interest,Wall fence,available, ,"financial_constraints, expensive_equipment", ,"government_institutions, ngss", ,"financial_support, technical_support", ,"conservation_org, local_govt, farmer", ,morning_weekend,saturday,farm, ,no,nothing_happens, , , , ,no, , ,compensation, ,no, , ,extreme_interest,"conservation_org, community_meeting", ,family, ,yes,strongly_agree,strongly_agree,agree,strongly_agree,agree, , , , ,no, ,yes,ggc, ,kws, ,strongly_agree,strongly_agree,disagree,agree, ,https://drive.google.com/open?id=1xXtxuyc7FTj1K6L_GOPiRvWGDWQraqhE,uuid:0ee67f0b-dd4e-44a8-82cb-11cbd0b32c65
04/03/22 10:35,04/03/22 10:55,04/03/22, ,yes,"-0.4919245,39.6744978",150.6,4.86,owino,garissa,bula_gem,male,50 to 59,informal,farmer, ,beyond_20 years,no,owner,first_come,group,1981_1990s,more_than_2km_but_less_than_3km,less_5Ha,agriculture, ,"mangoes, lemons, bananas", ,yes,"destroy_crops, destroy_property", ,"crops, water", ,dry,"dawn, dusk, night",increase,partial_loss,Na, ,very_important,yes,"fence, guard, fire", ,not,moderately, ,not, , , , ,They break fences,They chase them but they sleep sometimes, , , , ,They are used to it, , , , , , ,yes,Install proper fence,extreme_interest,Tall Wire fencing,"neighbour_uses, available", ,"expensive_equipment, financial_constraints", ,"government_institutions, ngss", ,"information, training, financial_support", ,"conservation_org, local_govt, farmer", ,morning_weekend,saturday,farm, ,no,nothing_happens, , , , ,yes,no,not_satisfied,prevention, ,no, , ,extreme_interest,"radio, community_meeting", ,family, ,yes,agree,strongly_agree,agree,strongly_agree,agree, , , , ,no, ,yes,ggc, ,kws, ,strongly_agree,strongly_agree,strongly_disagree,strongly_agree, ,https://drive.google.com/open?id=1l18R4pyFavJ3yhhmU7WOt74GzSiVW0BP,uuid:6b035777-488d-4325-bcfe-35c8b11ac5e6
04/03/22 11:04,04/03/22 11:17,04/03/22, ,yes,"-0.4903512,39.6724393",116.6,4.96,owino,garissa,bula_gem,female,18 to 28,secondary,"farmer, pastoralist", ,beyond_20 years,yes,owner,inherited,community,1991_2000,less_1km,less_5Ha,agriculture, ,"mangoes, bananas, lemons, others",Guava,yes,"destroy_crops, destroy_property", ,"crops, water", ,dry,night,no_change,partial_loss,Na, ,very_important,yes,"fence, guard", ,moderately,moderately, , , , , ,They break fence, ,They chase them away, , , , , , , , , , , ,yes,Install proper fence,extreme_interest,Wire fencing,"neighbour_uses, available, cheap, easy_use", ,don't_know_other_methods, ,government_institutions, ,"permission, information, technical_support, financial_support", ,farmer, ,morning_weekend,saturday,farm, ,no,no_means, , , , ,no, , ,prevention, ,no, , ,extreme_interest,community_meeting, ,family, ,no, , , , , ,strongly_agree,strongly_agree,strongly_agree,strongly_disagree,no, ,no, , ,kws, ,strongly_agree,strongly_agree,strongly_disagree,strongly_agree, ,https://drive.google.com/open?id=1npyd5Ducg_UcN0FrpXVE-AarayyPHKez,uuid:26ad3d3a-fee1-4350-98f6-ceba9d0a18cd
04/03/22 11:26,04/03/22 11:37,04/03/22, ,yes,"-0.4916693,39.6721068",166.5,4.92,owino,garissa,bula_gem,male,18 to 28,secondary,farmer, ,beyond_20 years,yes,owner,first_come,group,1991_2000,more_than_1km_but_less_than_2km,less_5Ha,agriculture, ,"mangoes, lemons, others",Guava,yes,"destroy_crops, destroy_property", ,"crops, water", ,dry,night,increase,partial_loss,Na, ,extremely_important,yes,"fence, guard", ,not,moderately, , , , , , ,They break fences,They chase them but they still come back, , , , , , , , , , , ,no, ,extreme_interest,Wire fencing,"neighbour_uses, available, easy_use", ,"expensive_equipment, financial_constraints", ,"government_institutions, ngss", ,"technical_support, information, financial_support, training", ,local_govt, ,morning_weekend,sunday,farm, ,no,nothing_happens, , , , ,yes,no,not_satisfied,"compensation, prevention", ,no, , ,extreme_interest,conservation_org, ,others,Farmers associations,yes,agree,strongly_agree,strongly_agree,strongly_agree,strongly_agree, , , , ,no, ,no, , ,kws, ,strongly_agree,strongly_agree,strongly_disagree,strongly_agree, ,https://drive.google.com/open?id=1IB0Wrc0w9JE-4Yfq94hB2HrcFRfZ3EzJ,uuid:fa83a3da-ab2a-40c0-8bad-c11553062f6b
05/03/22 08:01,05/03/22 08:30,05/03/22, ,yes,"-0.4970637,39.6721805",114.1,4.825,owino,garissa,bula_gem,male,60 or older,primary,"farmer, pastoralist", ,beyond_20 years,yes,owner,first_come,group,before_1980s,more_than_1km_but_less_than_2km,6_10Ha,agriculture, ,"mangoes, others, lemons, bananas, melon, vegetable",Pawpaw,yes,"destroy_crops, destroy_property", ,"crops, water", ,dry,"night, dawn",increase,partial_loss,Na, ,extremely_important,yes,"fence, guard, fire, propellas", ,Highly,Highly, ,not, ,moderately, ,It is a wire fence but they often break it when being chased, ,They chase them away, , , , ,They are used to this, , ,They think there is someone on the farm, , , ,no, ,slight_interest,Test more DIY propelles,available, ,accustomed_to_current_methods, ,"government_institutions, ngss", ,"information, training", ,conservation_org, ,morning_weekend,sunday,farm, ,no,nothing_happens, , , , ,yes,no,not_satisfied,compensation, ,no, , ,extreme_interest,"radio, community_meeting", ,others,Agricultural officers,yes,strongly_agree,strongly_agree,agree,strongly_agree,strongly_agree, , , , ,no, ,yes,ggc, ,kws, ,strongly_agree,strongly_agree,strongly_disagree,strongly_agree, ,https://drive.google.com/open?id=1D3OvALSXMnyWve3VeanU_dR9BCdsrKrE,uuid:f388195c-3fa6-4a26-ba8a-0dc649267456
05/03/22 08:48,05/03/22 09:03,05/03/22, ,yes,"-0.4960872,39.670896",45.3,4.825,owino,garissa,bula_gem,male,60 or older,primary,"farmer, pastoralist", ,beyond_20 years,yes,owner,purchased,individual,2011_2020,less_1km,less_5Ha,agriculture, ,"bananas, mangoes, melon, lemons", ,yes,"destroy_crops, destroy_property", ,crops, ,dry,"night, dawn",no_change,partial_loss,Na, ,extremely_important,yes,"fence, propellas, guard, guard_dog, fire", ,not,moderately,moderately,moderately, ,moderately, , ,They break or jump over,They chase them away but sleep sometimes, ,They just alert the guard, ,They go around fire, , , ,They are used to it, , , ,no, ,extreme_interest,None that I can think of, , ,don't_know_other_methods, ,government_institutions, ,"information, training, financial_support", ,"conservation_org, farmer, local_govt", ,morning_weekend,saturday,farm, ,no,nothing_happens, , , , ,no, , ,compensation, ,no, , ,extreme_interest,"radio, community_meeting", ,"others, family",Agricultural officers and other farmers,yes,strongly_agree,strongly_agree,strongly_agree,strongly_agree,strongly_agree, , , , ,yes,individual,yes,"ggc, ihcc", ,"kws, hcp", ,strongly_agree,strongly_agree,strongly_disagree,strongly_agree, ,https://drive.google.com/open?id=1GZ9npR22ZBa_hl7EfnnB9VX-5lcMm9o2,uuid:8d711c23-6eff-48b7-9a99-fa6fb40009e5
05/03/22 09:41,05/03/22 10:02,05/03/22, ,yes,"-0.4916064,39.6688441",191.4,6.95,owino,garissa,bula_gem,female,50 to 59,informal,"farmer, pastoralist", ,beyond_20 years,yes,owner,inherited,community,2001_2010,less_1km,less_5Ha,"agriculture, grazing", ,"lemons, melon, bananas, mangoes, others",Guavas,yes,"destroy_crops, destroy_property", ,"water, crops", ,dry,night,increase,partial_loss,Na, ,moderately_important,yes,"fence, propellas, guard, fire", ,not,moderately, ,moderately, ,Highly, , ,They break through fences,They chase them away, , , ,They help in visibility, , , ,They scare them aways, , , ,yes,Install proper fence,extreme_interest,Wire fencing,"neighbour_uses, available, easy_use", ,"expensive_equipment, financial_constraints", ,"Indivudually, farmers_association, government_institutions, ngss", ,"technical_support, financial_support, training, information", ,"local_govt, conservation_org", ,morning_weekend,saturday,farm, ,no,"others, nothing_happens",I don't have the time, , , ,no, , ,"compensation, prevention", ,no, , ,moderate_interest,"conservation_org, community_meeting", ,"family, conservation_org, local_govt", ,yes,strongly_agree,agree,agree,agree,agree, , , , ,no, ,yes,ggc, ,kws, ,agree,agree,disagree,agree, ,https://drive.google.com/open?id=1oN_gjAxFuMC6jQk04mA2u8m4VqNnTog9,uuid:cea2ca64-c4b2-46c9-a7ee-6b554e14ce77
05/03/22 10:25,05/03/22 10:45,05/03/22, ,yes,"-0.4939714,39.6685517",115.9,4.88,owino,garissa,bula_gem,female,50 to 59,informal,farmer, ,beyond_20 years,yes,owner,first_come,group,1981_1990s,mor_ than_3km_but less_than_4km,less_5Ha,agriculture, ,"lemons, mangoes, bananas, others",Guava,yes,"destroy_crops, destroy_property", ,"crops, water", ,dry,"dawn, night",increase,partial_loss,Na, ,extremely_important,yes,"fence, guard, fire, propellas", ,not,moderately, ,moderately, ,not, , ,They break fences single wire fence,They chase them, , , ,They are used this and sometimes you run out of firewood, , , , ,They are used to this, , ,no, ,no_interest, , , ,"financial_constraints, accustomed_to_current_methods", ,government_institutions, ,"information, training, financial_support", ,"farmer, local_govt, conservation_org", ,morning_weekend,saturday,farm, ,no,nothing_happens, , , , ,yes,no,not_satisfied,"compensation, prevention", ,no, , ,extreme_interest,community_meeting, ,family, ,no, , , , , ,strongly_agree,strongly_agree,strongly_agree,strongly_agree,no, ,yes,ggc, ,kws, ,disagree,disagree,agree,disagree, ,https://drive.google.com/open?id=1vFZzREf4-x-Vnza6qrQPn_M1oyJ6btrA,uuid:dc3b06b3-cd0e-49bf-8a38-be2bb963562d
19/03/22 09:17,19/03/22 09:34,19/03/22, ,yes,"-0.4066617,39.6215425",129.3,3.9,owino,garissa,bula_adc,female,60 or older,informal,farmer, ,beyond_20 years,no,owner,first_come,group,before_1980s,more_than_1km_but_less_than_2km,less_5Ha,agriculture, ,"mangoes, lemons", ,yes,destroy_crops, ,"crops, water", ,dry,"night, dawn",increase,partial_loss,Na, ,extremely_important,yes,"fence, guard, others",Flashlight on string,moderately,moderately, , , , ,not,They jump over at low places, ,They chase them but sleep, , , , , , , , , , ,They are used,yes,Install proper fence and torch,extreme_interest,Wire fencing,"available, easy_use", ,"financial_constraints, expensive_equipment", ,Indivudually, ,"financial_support, information, training", ,"farmer, local_govt, conservation_org", ,morning_weekend,sunday,farm, ,no,nothing_happens, , , , ,yes,no,not_satisfied,"prevention, compensation", ,no, , ,extreme_interest,"conservation_org, community_meeting", ,family, ,yes,strongly_agree,strongly_agree,strongly_agree,agree,strongly_agree, , , , ,no, ,yes,ggc, ,kws, ,strongly_agree,strongly_agree,strongly_disagree,strongly_agree, ,https://drive.google.com/open?id=1gJEymus8YN_E8EDwZQ8Sb55smc2oiicr,uuid:9248d020-1fb6-481a-9a70-3ed7f01509f8
19/03/22 09:41,19/03/22 10:05,19/03/22, ,yes,"-0.4063929,39.6217638",123.5,5,owino,garissa,bula_adc,male,50 to 59,informal,laborer, ,beyond_20 years,no,owner,govt_issued,community,1981_1990s,more_than_1km_but_less_than_2km,less_5Ha,agriculture, ,"mangoes, lemons, bananas", ,yes,destroy_crops, ,"crops, river", ,dry,"night, dawn, dusk",increase,partial_loss,Na, ,extremely_important,yes,"fence, guard, others, fire",Flashlight on a s5,not,moderately, ,moderately, , ,moderately, ,They break fences,They chase them but sleep sometimes, , , ,They get used to it fast, , , , , ,They get used to it, ,yes,Install proper fence,extreme_interest,Wire fencing,"neighbour_uses, available, easy_use", ,"expensive_equipment, financial_constraints", ,"Indivudually, farmers_association, ngss, government_institutions", ,"information, financial_support, training", ,"farmer, local_govt, conservation_org", ,morning_weekend,saturday,farm, ,no,nothing_happens, , , , ,yes,no,not_satisfied,prevention, ,yes,community_meeting, ,extreme_interest,"community_meeting, conservation_org", ,family, ,yes,strongly_agree,strongly_agree,strongly_agree,strongly_agree,strongly_agree, , , , ,yes,"individual, community",yes,ggc, ,kws, ,strongly_agree,strongly_agree,strongly_disagree,strongly_agree, ,https://drive.google.com/open?id=1F5j5-G8n3sOe5nh5TFh_zHW7piVLBWHC,uuid:cd3e04f9-aa34-4a11-82fa-02eb454ae62a
19/03/22 10:22,19/03/22 10:35,19/03/22, ,yes,"-0.4085374,39.6123766",83.1,4.3,owino,garissa,bula_adc,male,29 to 39,secondary,laborer, ,less_than_5_years,no,attendant, ,group,1981_1990s,less_1km,less_5Ha,agriculture, ,"mangoes, lemons, bananas, others",Guava,yes,"destroy_crops, destroy_property", ,"crops, river", ,dry,night,increase,partial_loss,Na, ,very_important,yes,"guard, fire, propellas, others",Flashlight on a string, ,moderately, ,moderately, ,moderately,Highly, , ,Chase them but sleep sometimes, , , ,Some are afraid but not all, , , ,They  get used to it, ,Simulate human presence, ,yes,Better torch,extreme_interest,Security lights,"neighbour_uses, easy_use, available", ,"expensive_equipment, financial_constraints", ,"government_institutions, ngss, farmers_association", ,"information, training, financial_support", ,conservation_org, ,morning_weekend,saturday,farm, ,yes, , ,owner,verbally_in-person, ,no, , ,"compensation, prevention", ,no, , ,extreme_interest,"conservation_org, community_meeting", ,owner, ,yes,agree,strongly_agree,strongly_agree,agree,strongly_agree, , , , ,no, ,no, , ,kws, ,strongly_agree,strongly_agree,strongly_disagree,strongly_agree, ,https://drive.google.com/open?id=1cLnW9ua1XohbyURNpZ6Mz66apVykZgaZ,uuid:84f95e97-b935-4bcc-97e9-e58d62a5bf7b
19/03/22 10:56,19/03/22 11:20,19/03/22, ,yes,"-0.4085604,39.6148791",113.5,3.9,owino,garissa,bula_adc,male,18 to 28,informal,farmer, ,beyond_20 years,yes,owner,inherited,community,1991_2000,less_1km,less_5Ha,agriculture, ,"mangoes, lemons", ,yes,destroy_crops, ,"river, crops", ,dry,night,increase,partial_loss,Na, ,very_important,yes,"fence, others, guard, fire",Flashlight on a string,not,Highly, ,moderately, , ,moderately, ,"They break and jump over fence, it is a live fence",They chase them but sleep sometimes, , , ,They go around fire in dark places, , , , , ,They simulate human presence, ,yes,Install proper fence,extreme_interest,Wire fencing,"neighbour_uses, available, easy_use", ,"expensive_equipment, financial_constraints", ,"farmers_association, Indivudually, government_institutions, ngss", ,"information, technical_support, financial_support, training", ,"farmer, local_govt, conservation_org", ,morning_weekdays,friday,farm, ,no,"nothing_happens, I_don't_know_where", , , , ,no, , ,prevention, ,no, , ,extreme_interest,conservation_org, ,family, ,yes,agree,agree,agree,agree,strongly_agree, , , , ,no, ,no, , ,kws, ,agree,agree,strongly_disagree,strongly_agree, ,https://drive.google.com/open?id=1nHS2bJFQeBS6Q8ks2hDfyT3CkcQrQsZq,uuid:fdd23cdc-aeff-4542-8ac4-f21ec471a5bf
19/03/22 11:46,19/03/22 12:08,19/03/22, ,yes,"-0.4051547,39.6205582",123.5,4.94,owino,garissa,bula_adc,male,60 or older,informal,farmer, ,beyond_20 years,yes,owner,first_come,group,before_1980s,more_than_1km_but_less_than_2km,less_5Ha,agriculture, ,"mangoes, lemons, others",Guava,yes,destroy_crops, ,crops, ,dry,night,increase,partial_loss,Na, ,very_important,yes,"guard, others, fire, fence",Flashlight on a string,not,moderately, ,moderately, , ,moderately, ,They break fences,Chase them away but they return, , , ,They used to be afraid but quickly got used to it, , , , , ,They show human presence, ,yes,Install proper fence,extreme_interest,Wire,"neighbour_uses, available", ,"expensive_equipment, financial_constraints", ,"Indivudually, farmers_association, government_institutions, ngss", ,"information, financial_support, training, technical_support", ,conservation_org, ,morning_weekend,sunday,farm, ,yes, , ,kws,verbally_in-person, ,yes,no,not_satisfied,"compensation, prevention", ,no, , ,extreme_interest,community_meeting, ,family, ,yes,strongly_agree,strongly_agree,agree,strongly_agree,strongly_agree, , , , ,no, ,no, , ,kws, ,strongly_agree,strongly_agree,strongly_disagree,strongly_agree, ,https://drive.google.com/open?id=1SBFZu12q792cdT6_QiapN_O5h_-qAzb7,uuid:e951ad6a-53ed-4673-b6ca-840f8ffe4f1b
19/03/22 12:08,19/03/22 12:28,19/03/22, ,yes,"-0.4052832,39.6206404",121,4.564,owino,garissa,bula_adc,female,50 to 59,informal,farmer, ,beyond_20 years,no,owner,first_come,group,1981_1990s,more_than_1km_but_less_than_2km,less_5Ha,agriculture, ,"mangoes, lemons, bananas, others",Guava,yes,destroy_crops, ,"crops, river", ,dry,night,decrease,partial_loss,Na, ,very_important,yes,"guard, fire, propellas, guard_dog", , ,Highly,moderately,moderately, ,Highly, , , ,They chase them away while making noise, ,They alert the guard, ,They simulate human presence, , , ,They make nose and giraffe don't like noise, , , ,no, ,extreme_interest,Install proper fence,"neighbour_uses, available, easy_use", ,"expensive_equipment, financial_constraints", ,"Indivudually, farmers_association, government_institutions", ,"information, financial_support, training, technical_support", ,conservation_org, ,morning_weekend,sunday,farm, ,no,nothing_happens, , , , ,yes,no,not_satisfied,"prevention, compensation", ,no, , ,extreme_interest,"community_meeting, conservation_org", ,family, ,yes,strongly_agree,strongly_agree,strongly_agree,strongly_agree,agree, , , , ,no, ,no, , ,kws, ,strongly_agree,strongly_agree,strongly_disagree,strongly_agree, ,https://drive.google.com/open?id=1JHTKSCbRVjGtwz_d97w9lc_c0vagB9FS,uuid:222fe4b0-f32a-4188-91d4-b20e942fc85f
19/03/22 12:29,19/03/22 12:47,19/03/22, ,yes,"-0.4052473,39.6206517",122.1,4.26,owino,garissa,bula_adc,female,50 to 59,informal,farmer, ,beyond_20 years,no,owner,first_come,group,before_1980s,more_than_1km_but_less_than_2km,less_5Ha,agriculture, ,"mangoes, lemons, bananas", ,yes,destroy_crops, ,"crops, river", ,dry,"dawn, night",increase,partial_loss,Na, ,very_important,yes,"fence, guard", ,moderately,moderately, , , , , ,They can jump over or breakthrough, ,They chase them away, , , , , , , , , , , ,yes,increase number of live guard,extreme_interest,Hire more guards,"available, easy_use", ,financial_constraints, ,"Indivudually, government_institutions", ,"financial_support, information, training", ,conservation_org, ,morning_weekend,sunday,farm, ,yes, , ,farmers_association,verbally_in-person, ,yes,no,not_satisfied,prevention, ,no, , ,slight_interest,"conservation_org, community_meeting", ,"family, local_govt, others",Farmers  associations,yes,strongly_agree,strongly_agree,strongly_agree,strongly_agree,strongly_agree, , , , ,no, ,yes,ggc, ,kws, ,strongly_agree,strongly_agree,disagree,strongly_agree, ,https://drive.google.com/open?id=1u2cW52u0R3pnvLb53_sIhpB1Om5qs8UW,uuid:495cbdd3-a198-4270-bf3e-1d59485056d6
19/03/22 12:59,19/03/22 13:21,19/03/22, ,yes,"-0.4054833,39.6174658",109.3,4.94,owino,garissa,bula_adc,female,60 or older,informal,farmer, ,beyond_20 years,no,owner,first_come,community,before_1980s,more_than_1km_but_less_than_2km,less_5Ha,agriculture, ,"mangoes, lemons", ,yes,"destroy_crops, destroy_property", ,"crops, river", ,dry,"dawn, night",increase,partial_loss,Na, ,extremely_important,no, , , , , , , , , , , , , , , , , , , , , , , , , ,slight_interest,Lifeguards,"neighbour_uses, available", ,financial_constraints, ,Indivudually, ,financial_support, ,conservation_org, ,morning_weekend,saturday,farm, ,no,I_don't_know_where, , , , ,no, , ,compensation, ,no, , ,slight_interest,"conservation_org, community_meeting", ,"family, owner", ,yes,strongly_disagree,agree,agree,agree,agree, , , , ,no, ,yes,ggc, ,kws, ,strongly_agree,agree,disagree,agree, ,https://drive.google.com/open?id=1AUpsieKBVeZq_2cXlCiPOIGmef608AoU,uuid:6c8f04e6-9151-47b7-8d71-61a4946fd36b
20/03/22 08:45,20/03/22 09:03,20/03/22, ,yes,"-0.405385,39.6217",117.6,3.9,owino,garissa,bula_adc,male,50 to 59,informal,"farmer, pastoralist", ,beyond_20 years,yes,owner,first_come,community,1981_1990s,more_than_1km_but_less_than_2km,less_5Ha,agriculture, ,"mangoes, lemons, others",Guava,yes,"destroy_crops, destroy_property", ,"crops, river", ,dry,night,increase,partial_loss,Na, ,very_important,yes,"fence, guard, guard_dog, fire, others",Torch on a string,not,Highly,moderately,moderately, , ,moderately, ,They break and jump over,They chase them away, ,They alert the guard, ,"This indicate human presence,  even though they get used to it", , , , , ,Indicate human presence, ,yes,Install proper fence,extreme_interest,Electric fence or more guards,"neighbour_uses, available, easy_use", ,"expensive_equipment, financial_constraints", ,"Indivudually, farmers_association, government_institutions", ,"information, financial_support, training", ,"conservation_org, local_govt, farmer", ,morning_weekdays,friday,farm, ,no,nothing_happens, , , , ,yes,no,not_satisfied,"compensation, prevention", ,no, , ,extreme_interest,"conservation_org, community_meeting", ,family, ,yes,strongly_agree,strongly_agree,agree,strongly_agree,strongly_agree, , , , ,yes,"individual, community",yes,ggc, ,kws, ,strongly_agree,strongly_agree,strongly_disagree,strongly_agree, ,https://drive.google.com/open?id=1iKwCnFCDucb1sUBIW05VXL2EdRu9KfTC,uuid:6a4863e5-5b3a-4ead-ad0a-d1fd686d44b1
20/03/22 09:03,20/03/22 09:13,20/03/22, ,yes,"-0.4052776,39.6216649",83.5,4.98,owino,garissa,bula_adc,male,60 or older,informal,farmer, ,beyond_20 years,yes,owner,first_come,community,1981_1990s,more_than_1km_but_less_than_2km,less_5Ha,agriculture, ,"mangoes, lemons, others",Guava and pawpaw,yes,"destroy_crops, destroy_property", ,"crops, river", ,dry,night,increase,partial_loss,Na, ,extremely_important,yes,"fence, guard, fire, others",Flashlight on a string,not,Highly, ,moderately, , ,not, ,They break fence,They chase them away, , , ,They indicate human presence, , , , , , ,They are used to it,yes,Install  proper fence,extreme_interest,Wire fencing,"neighbour_uses, available, easy_use", ,"expensive_equipment, financial_constraints", ,"Indivudually, farmers_association, government_institutions", ,"information, training, technical_support", ,conservation_org, ,morning_weekdays,friday,farm, ,no,nothing_happens, , , , ,yes,no,not_satisfied,"prevention, compensation", ,no, , ,extreme_interest,"community_meeting, conservation_org, radio", ,family, ,yes,agree,strongly_agree,strongly_agree,agree,strongly_agree, , , , ,no, ,yes,ggc, ,kws, ,strongly_agree,strongly_agree,disagree,strongly_agree, ,https://drive.google.com/open?id=12tYZlsYWYyNZNYZkGkHPdIz5eP7eYw8r,uuid:d352759a-671d-49e4-a450-5a029ac10885
20/03/22 09:34,20/03/22 09:51,20/03/22, ,yes,"-0.4081817,39.6197617",73.5,4.8,owino,garissa,bula_adc,male,50 to 59,secondary,laborer, ,less_than_5_years,no,attendant, ,group,1991_2000,more_than_1km_but_less_than_2km,less_5Ha,agriculture, ,"mangoes, lemons", ,yes,"destroy_crops, destroy_property", ,crops, ,dry,night,no_change,partial_loss,Na, ,very_important,yes,"fence, fire, others, guard",Flashlight on a string,not,Highly, ,not, , ,not, ,They jump over with their long legs,They chase them, , , , ,They still come around, , , , , ,They are used to this method they even feed closer to it,yes,Install proper fence,extreme_interest,Wire fencing,"neighbour_uses, available", ,accustomed_to_current_methods, ,"Indivudually, farmers_association, government_institutions", ,information, ,conservation_org, ,morning_weekend,sunday,farm, ,yes, , ,owner,verbally_in-person, ,yes,no,not_satisfied,prevention, ,no, , ,moderate_interest,"community_meeting, conservation_org", ,owner, ,yes,strongly_agree,agree,strongly_agree,strongly_disagree,agree, , , , ,no, ,yes,ggc, ,kws, ,strongly_agree,strongly_agree,strongly_disagree,strongly_agree, ,https://drive.google.com/open?id=1bTh0tIS3Uw_ODSP3tabB5lkaONaEah3w,uuid:386cffbd-744f-4acf-960c-10eaf5fde739
20/03/22 10:20,20/03/22 10:32,20/03/22, ,yes,"-0.409813,39.6165265",110.6,4.62,owino,garissa,bula_adc,male,29 to 39,primary,laborer, ,more_than_5_but_less_10 years,no,attendant, ,group,1991_2000,less_1km,less_5Ha,agriculture, ,"mangoes, lemons, bananas", ,yes,"destroy_crops, destroy_property", ,crops, ,dry,night,no_change,partial_loss,Na, ,very_important,yes,"fence, guard, guard_dog, fire, others",Flashlight on a string,not,Highly,moderately,moderately, , ,not, ,They jump over fences,They chase them away even though they return it helps, ,They alert the guard, ,Indicate human presence, , , , , , ,They are used to it,yes,Add more guards,extreme_interest,More guards,available, ,financial_constraints, ,"Indivudually, farmers_association", ,"information, training, financial_support", ,conservation_org, ,morning_weekend,sunday,farm, ,yes, , ,owner,verbally_in-person, ,yes,no,not_satisfied,prevention, ,no, , ,extreme_interest,"community_meeting, conservation_org, radio", ,owner, ,yes,agree,agree,agree,agree,strongly_agree, , , , ,no, ,no, , ,kws, ,strongly_agree,strongly_agree,strongly_disagree,strongly_agree, ,https://drive.google.com/open?id=1GpDM-p5gXBaLs7_gY5m9NkWwMMAxlIIH,uuid:0d2aad31-a8b7-4226-86e6-2a953781f834
20/03/22 10:47,20/03/22 11:02,20/03/22, ,yes,"-0.4116215,39.615621",113.2,4.7,owino,garissa,bula_adc,male,40 to 49,primary,farmer, ,beyond_20 years,yes,owner,inherited,community,1991_2000,less_1km,less_5Ha,agriculture, ,"mangoes, lemons, vegetable, bananas", ,yes,destroy_crops, ,"crops, river", ,dry,"dusk, night",decrease,partial_loss,Na, ,very_important,yes,"guard, fire, others",Flashlight on a string, ,Highly, ,not, , ,moderately, , ,They chase them away, , , , ,They are no longer afraid, , , , ,They think someone is on the farm but they are now used to it, ,yes,Install a fence and use security lights,extreme_interest,Install wire fence and security light,"neighbour_uses, available", ,"financial_constraints, expensive_equipment", ,"Indivudually, farmers_association, government_institutions, ngss", ,"information, financial_support, training", ,local_govt, ,afternoon_weekend,saturday,farm, ,no,nothing_happens, , , , ,yes,no,not_satisfied,compensation, ,no, , ,moderate_interest,"radio, conservation_org, community_meeting", ,others,Other farmers,yes,strongly_agree,strongly_agree,strongly_agree,strongly_agree,strongly_agree, , , , ,no, ,no, , ,kws, ,strongly_agree,strongly_agree,strongly_disagree,strongly_agree, ,https://drive.google.com/open?id=1ryIogfEJe2zi0I7u-BW1KmlHz_6h5Nti,uuid:09a57487-9197-4e74-bd1f-6520ba96e8ce
20/03/22 11:05,20/03/22 11:17,20/03/22, ,yes,"-0.4116258,39.6157022",126.7,4.28,owino,garissa,bula_adc,male,50 to 59,secondary,farmer, ,beyond_20 years,no,owner,inherited,community,2001_2010,less_1km,less_5Ha,agriculture, ,"mangoes, melon", ,yes,"destroy_crops, destroy_property", ,crops, ,dry,"night, dusk",increase,partial_loss,Na, ,moderately_important,yes,"fence, fire, others, guard_dog",Flashlight on a string,not, ,not,moderately, , ,not, ,They jump over or break fences, , , ,Unless there is someone to chase them dogs are useless against giraffe,Simulate human presence, , , , , , ,They are used to it,yes,Install proper fence,moderate_interest,Wire fencing,"neighbour_uses, available", ,"financial_constraints, expensive_equipment", ,"Indivudually, farmers_association, government_institutions", ,financial_support, ,conservation_org, ,afternoon_weekend,saturday,farm, ,no,nothing_happens, , , , ,yes,no,not_satisfied,"compensation, prevention", ,no, , ,extreme_interest,"social_media, conservation_org, community_meeting", ,others,Other farmers,yes,strongly_agree,strongly_agree,agree,strongly_agree,strongly_agree, , , , ,no, ,yes,ggc, ,kws, ,strongly_agree,strongly_agree,strongly_disagree,strongly_agree, ,https://drive.google.com/open?id=1xC6VYfPpy9i3QjdA_lMUm6z7KANPInUK,uuid:b7f3d887-9bfe-4d12-9749-a7d04de24bdd
20/03/22 12:05,20/03/22 12:17,20/03/22, ,yes,"-0.40493,39.6194332",133.8,3.873,owino,garissa,bula_adc,male,29 to 39,secondary,laborer, ,less_than_5_years,no,attendant, ,group,1981_1990s,more_than_1km_but_less_than_2km,6_10Ha,agriculture, ,"mangoes, lemons, vegetable, others",Guava,yes,"destroy_crops, destroy_property", ,"crops, water", ,dry,night,increase,partial_loss,Na, ,very_important,yes,"fence, guard, guard_dog, fire, propellas", ,not,Highly,moderately,moderately, ,moderately, , ,They break fences,They chase them away, ,They alert live guard, ,Fire is associated by humans, , , ,Indicate human  presence, , , ,yes,Install a proper fence,extreme_interest,Wire mesh,"neighbour_uses, easy_use, available", ,"expensive_equipment, financial_constraints", ,"Indivudually, farmers_association, government_institutions", ,"information, training, financial_support", ,conservation_org, ,afternoon_weekend,saturday,school, ,yes, , ,owner,verbally_in-person, ,yes,no,not_satisfied,compensation, ,no, , ,extreme_interest,"community_meeting, radio", ,owner, ,yes,strongly_agree,strongly_agree,strongly_agree,agree,strongly_agree, , , , ,no, ,no, , ,kws, ,strongly_agree,strongly_agree,strongly_disagree,strongly_agree, ,https://drive.google.com/open?id=19VIY88RR2NothLBtiW44HNVvqPERR_z-,uuid:5b4dd9c1-2c80-445b-ae50-c9845d323870
26/03/22 08:35,26/03/22 09:09,26/03/22, ,yes,"-0.3325156,39.57983",137.1,4.52,owino,garissa,shabah,male,60 or older,informal,farmer, ,beyond_20 years,yes,owner,first_come,group,1991_2000,less_1km,less_5Ha,agriculture, ,"mangoes, lemons, bananas, melon", ,yes,"destroy_crops, destroy_property", ,"crops, river", ,dry,"night, dawn",no_change,partial_loss,Na, ,very_important,yes,"fence, guard, fire, others, guard_dog",Scare crow,not,Highly,not,not, , ,moderately, ,They break fences,Effective but eour area is hippo infested so it is not safe, , ,Giraffe are not afraid, ,They are used to it, , , , ,First few days it works but they get used to it, ,yes,Better fencing,extreme_interest,Wire fencing,"available, easy_use, others",We have used fencing to prevent hippo from destroying banana we think it can also help with giraffe but farms are large and fencing would be expensive,"expensive_equipment, financial_constraints", ,"Indivudually, farmers_association, government_institutions", ,"information, training, financial_support", ,"farmer, conservation_org", ,morning_weekend,saturday,farm, ,no,nothing_happens, , , , ,yes,no,not_satisfied,prevention, ,no, , ,extreme_interest,"radio, newspaper, community_meeting", ,family, ,yes,disagree,agree,agree,strongly_agree,agree, , , , ,no, ,no, , ,kws, ,strongly_agree,agree,strongly_disagree,agree, ,https://drive.google.com/open?id=1h2ApvTiyP3G-NxHG9kmZdNoSYtvfaMfr,uuid:2bcba90c-e737-466a-9297-bd585ebaa128
26/03/22 09:16,26/03/22 09:27,26/03/22, ,yes,"-0.3324978,39.5798294",140.6,4.9,owino,garissa,shabah,female,60 or older,informal,farmer, ,beyond_20 years,yes,owner,first_come,group,1991_2000,less_1km,less_5Ha,agriculture, ,"mangoes, lemons, bananas, melon, vegetable", ,yes,"destroy_crops, destroy_property", ,crops, ,dry,night,don't_know,partial_loss,Na, ,moderately_important,yes,"fence, others, fire",Flashlight on a string,not, , ,not, , ,moderately, ,They break fence, , , , , ,They get used to it, , , , ,They help but get used to it, ,yes,Live guard,extreme_interest,Live guard,"available, easy_use", ,others,The area has hippo so it is dangerous to stay outside even for the guards,"Indivudually, farmers_association, government_institutions", ,"technical_support, information, financial_support, training", ,"farmer, local_govt, conservation_org", ,morning_weekend,saturday,farm, ,no,nothing_happens, , , , ,yes,yes,not_satisfied,prevention, ,no, , ,extreme_interest,"community_meeting, conservation_org", ,family, ,yes,strongly_agree,strongly_agree,agree,strongly_agree,strongly_agree, , , , ,no, ,no, , ,kws, ,strongly_agree,strongly_agree,disagree,strongly_agree, ,https://drive.google.com/open?id=1C7UYV-xAtSYK-4vr9AnR3kg_j4bbEnvs,uuid:483eab51-0005-43d7-a237-884388a952b0
26/03/22 09:39,26/03/22 09:49,26/03/22, ,yes,"-0.3326217,39.5799852",169.5,4.9,owino,garissa,shabah,female,50 to 59,informal,farmer, ,beyond_20 years,yes,owner,first_come,group,1991_2000,less_1km,less_5Ha,agriculture, ,"mangoes, bananas, lemons", ,yes,"destroy_crops, destroy_property", ,crops, ,dry,"night, dawn",no_change,partial_loss,Na, ,very_important,yes,"fence, guard, guard_dog, fire, propellas", ,not,moderately,not,moderately, ,Highly, , ,They jump over with long legs,It helps but the area is not safe because of hippo and sometimes they sleep, , ,Dogs are small giraffe are not scared at all,It shows human presence, , , ,Indicate human presence, , , ,yes,Install proper fence,extreme_interest,Wall fence,"available, easy_use", ,financial_constraints, ,"government_institutions, farmers_association, Indivudually", ,"technical_support, financial_support, training, information", ,"farmer, local_govt, conservation_org", ,morning_weekend,saturday,farm, ,no,nothing_happens, , , , ,yes,no,not_satisfied,"compensation, prevention", ,no, , ,extreme_interest,"conservation_org, community_meeting", ,family, ,yes,strongly_agree,strongly_agree,strongly_agree,agree,strongly_agree, , , , ,no, ,no, , ,kws, ,strongly_agree,strongly_agree,strongly_disagree,strongly_agree, ,https://drive.google.com/open?id=1QkIpf6wadde_iQFZFZK_eixO0WgwWgfJ,uuid:1579429e-caaf-4c0d-9070-ea572f3a9b5e
26/03/22 10:17,26/03/22 10:28,26/03/22, ,yes,"-0.3371593,39.5743776",148.4,4.72,owino,garissa,shabah,male,40 to 49,informal,laborer, ,beyond_20 years,no,attendant, ,group,1991_2000,less_1km,6_10Ha,agriculture, ,"mangoes, bananas, lemons", ,yes,"destroy_crops, destroy_property", ,crops, ,dry,night,increase,partial_loss,Na, ,extremely_important,yes,"fence, fire, propellas, guard", ,not,moderately, ,not, ,not, , ,They are tall they jump over fences,They chase them but this area has hippo so they can't risk stay out late, , , , ,They are used to it, , , ,I used to help but they got used to it, , ,yes,More live guard,extreme_interest,Live guards,available, ,"financial_constraints, others",It is risky to stay guard late at night because of hippo,"Indivudually, farmers_association, government_institutions, ngss", ,"information, technical_support, financial_support, training", ,farmer, ,morning_weekend,saturday,farm, ,no,nothing_happens, , , , ,yes,no,not_satisfied,prevention, ,no, , ,extreme_interest,"community_meeting, conservation_org, radio", ,owner, ,yes,agree,agree,agree,agree,strongly_agree, , , , ,no, ,no, , ,kws, ,strongly_agree,strongly_agree,disagree,strongly_agree, ,https://drive.google.com/open?id=11LZqTgA8g4tGKrpDNQAkRxDrv-zVWqdE,uuid:e6190882-c5f6-4ef0-90a2-3aff4048ba07
26/03/22 11:16,26/03/22 11:36,26/03/22, ,yes,"-0.3327816,39.5765726",145.8,4.92,owino,garissa,shabah,male,50 to 59,informal,farmer, ,beyond_20 years,yes,owner,first_come,group,1991_2000,less_1km,less_5Ha,agriculture, ,"mangoes, melon, others, bananas",Guava,yes,"destroy_crops, destroy_property", ,crops, ,dry,night,no_change,partial_loss,Na, ,very_important,yes,"fence, others",Flashlight on a string,not, , , , , ,moderately, ,They jump over or break through, , , , , , , , , , ,They think someone is at the farm, ,yes,Install proper fence,extreme_interest,Wire fencing,"available, easy_use, others",Just a thought I have,"expensive_equipment, financial_constraints", ,"Indivudually, farmers_association, government_institutions, ngss", ,"information, technical_support, financial_support, training", ,"farmer, local_govt, conservation_org", ,morning_weekend,saturday,farm, ,no,nothing_happens, , , , ,yes,no,not_satisfied,prevention, ,no, , ,extreme_interest,"community_meeting, conservation_org", ,family, ,yes,agree,agree,agree,strongly_agree,strongly_agree, , , , ,no, ,no, , ,kws, ,strongly_agree,strongly_agree,disagree,strongly_agree, ,https://drive.google.com/open?id=17zg6qO47G0EDrl5JK0XKRzvlzV2VqSGL,uuid:dea33d59-80ba-46ca-ba7b-92bfd6bc86c1
26/03/22 11:36,26/03/22 11:47,26/03/22, ,yes,"-0.3327136,39.576537",125.3,4.95,owino,garissa,sankuri,male,18 to 28,primary,"farmer, others",School bus driver,beyond_20 years,yes,owner,first_come,group,1991_2000,less_1km,less_5Ha,agriculture, ,"mangoes, bananas, melon, vegetable, lemons, others",Guava,yes,"destroy_crops, spread_diseases", ,"crops, water", ,dry,night,decrease,partial_loss,Na, ,moderately_important,yes,"fence, propellas", ,Highly, , , , ,not, ,They bar them from entering but when they are being chased they break through, , , , , , , , , , ,They got used to it, , ,no, ,extreme_interest,Wire fencing,"available, easy_use", ,"expensive_equipment, financial_constraints", ,"Indivudually, farmers_association, government_institutions, ngss", ,"information, technical_support, financial_support, training", ,"conservation_org, farmer", ,morning_weekend,saturday,farm, ,no,nothing_happens, , , , ,yes,no,not_satisfied,prevention, ,no, , ,extreme_interest,"social_media, radio, newspaper, conservation_org, community_meeting", ,family, ,yes,strongly_agree,strongly_agree,agree,strongly_agree,strongly_agree, , , , ,no, ,yes,ggc, ,kws, ,strongly_agree,strongly_agree,strongly_disagree,strongly_agree, ,https://drive.google.com/open?id=1EF1_e9GweDDUxNTIZ27zBOy1xLiaWOxo,uuid:7be1abfe-3507-4a96-b23f-af4c3d68f7d0
26/03/22 11:49,26/03/22 11:58,26/03/22, ,yes,"-0.3327108,39.5764766",113.1,4.5,owino,garissa,shabah,female,50 to 59,informal,farmer, ,beyond_20 years,yes,owner,first_come,group,1991_2000,less_1km,less_5Ha,agriculture, ,"mangoes, bananas, lemons", ,yes,"destroy_crops, destroy_property", ,"crops, water", ,dry,night,no_change,partial_loss,Na, ,moderately_important,yes,fence, ,moderately, , , , , , ,They break through the fence but sometime it helps, , , , , , , , , , , , , ,yes,Install proper fence,moderate_interest,Wire fencing,"available, easy_use", ,"financial_constraints, expensive_equipment", ,"Indivudually, farmers_association, government_institutions", ,"information, technical_support, training, financial_support", ,"conservation_org, farmer", ,morning_weekend,saturday,farm, ,yes, , ,owner,verbally_in-person, ,yes,no,not_satisfied,prevention, ,no, , ,extreme_interest,"conservation_org, community_meeting", ,family, ,yes,agree,agree,agree,strongly_agree,strongly_agree, , , , ,no, ,no, , ,kws, ,strongly_agree,strongly_agree,strongly_disagree,strongly_agree, ,https://drive.google.com/open?id=1C66hieBJt-SS9CmLyOY1v3jirNaZZgvJ,uuid:4ab42220-0f9e-4902-b2e2-b3a1df16baa3
26/03/22 11:59,26/03/22 12:09,26/03/22, ,yes,"-0.3327116,39.5764835",101.6,4.92,owino,garissa,shabah,female,50 to 59,informal,farmer, ,beyond_20 years,yes,owner,first_come,group,1991_2000,less_1km,less_5Ha,agriculture, ,"mangoes, lemons, bananas", ,yes,"destroy_crops, destroy_property", ,crops, ,dry,"dusk, dawn, night",no_change,partial_loss,Na, ,moderately_important,yes,"fence, guard", ,moderately,moderately, , , , , ,They break through, ,They chase them but they can't stay all night it is dangerous, , , , , , , , , , , ,no, ,moderate_interest,Live guard,available, ,financial_constraints, ,"Indivudually, farmers_association, government_institutions", ,financial_support, ,"farmer, conservation_org", ,morning_weekend,saturday,farm, ,no,nothing_happens, , , , ,no, , ,prevention, ,no, , ,moderate_interest,"community_meeting, conservation_org", ,family, ,yes,disagree,agree,agree,strongly_agree,agree, , , , ,no, ,no, , ,kws, ,strongly_agree,agree,disagree,strongly_agree, ,https://drive.google.com/open?id=1Gp9uh3a2IMv69TAA3opo92aXRTsdBAWa,uuid:7929b0c5-0241-4485-a761-c4ee06464f64
27/03/22 09:01,27/03/22 09:11,27/03/22, ,yes,"-0.336437,39.5793031",127.4000015,4.6,owino,garissa,shabah,male,40 to 49,secondary,farmer, ,beyond_20 years,yes,owner,first_come,group,before_1980s,less_1km,less_5Ha,agriculture, ,"mangoes, bananas, lemons, others",Guava,yes,"destroy_crops, destroy_property", ,crops, ,dry,night,increase,partial_loss,Na, ,moderately_important,yes,"propellas, guard, fence, fire", ,not,Highly, ,not, ,moderately, , ,They break fences,They chase them, , , , ,This only helps information hippo, , ,They avoid places with sheets tied for wind to blow, , , ,no, ,no_interest, , , ,don't_know_other_methods, ,"Indivudually, farmers_association, government_institutions, ngss", ,"information, training", ,conservation_org, ,morning_weekend,saturday,farm, ,yes, , ,kws,phone, ,yes,no,not_satisfied,prevention, ,no, , ,extreme_interest,"community_meeting, conservation_org", ,family, ,yes,agree,strongly_agree,strongly_agree,strongly_agree,agree, , , , ,no, ,no, , ,kws, ,strongly_agree,strongly_agree,strongly_disagree,strongly_agree, ,https://drive.google.com/open?id=1vZvu-j9M70bGlf0zMfCdcA_c7PvM7qSS,uuid:098d604a-156d-47a1-b2b6-7c4cacc3bba1
27/03/22 10:09,27/03/22 10:21,27/03/22, ,yes,"-0.3362765,39.5792564",132.1,4.64,owino,garissa,shabah,female,60 or older,informal,farmer, ,beyond_20 years,yes,owner,first_come,group,before_1980s,less_1km,less_5Ha,agriculture, ,"mangoes, bananas, lemons, vegetable, others",Guava,yes,"destroy_crops, destroy_property", ,crops, ,dry,night,no_change,partial_loss,Na, ,very_important,yes,"fence, guard", ,not,Highly, , , , , , ,They jump over with their long legs,They chase them, , , , , , , , , , , ,no, ,no_interest, , , ,"outlawed, don't_know_other_methods", ,"Indivudually, farmers_association, government_institutions", ,"information, technical_support, training", ,conservation_org, ,morning_weekend,saturday,farm, ,no,nothing_happens, , , , ,yes,no,not_satisfied,prevention, ,no, , ,extreme_interest,"community_meeting, conservation_org, radio", ,family, ,yes,disagree,agree,agree,strongly_agree,strongly_agree, , , , ,no, ,no, , ,kws, ,strongly_agree,strongly_agree,strongly_disagree,strongly_agree, ,https://drive.google.com/open?id=1vo1R6uPR_BpUHqkGSXf_m9bIyfgSNSwM,uuid:93dfe1e1-4c36-4513-baec-449e539ff1f1
27/03/22 10:21,27/03/22 10:37,27/03/22, ,yes,"-0.3362354,39.5792586",153.3,4.64,owino,garissa,shabah,female,60 or older,informal,farmer, ,beyond_20 years,yes,owner,first_come,group,before_1980s,less_1km,less_5Ha,agriculture, ,"mangoes, bananas, lemons, others",Guava,yes,"destroy_crops, destroy_property", ,crops, ,dry,night,increase,partial_loss,Na, ,very_important,yes,fence, ,not, , , , , , , ,They jump over or break, , , , , , , , , , , , ,no, ,no_interest, , , ,"financial_constraints, don't_know_other_methods, accustomed_to_current_methods", ,"Indivudually, farmers_association, government_institutions, ngss", ,"financial_support, information", ,"conservation_org, farmer", ,morning_weekend,saturday,farm, ,no,nothing_happens, , , , ,no, , ,prevention, ,no, , ,extreme_interest,"conservation_org, community_meeting, radio", ,family, ,no, , , , , ,agree,strongly_agree,strongly_agree,strongly_agree,no, ,no, , ,kws, ,agree,no_opinion,no_opinion,agree, ,https://drive.google.com/open?id=1T39sMJxOBZvHTqNtKryDxb7A2ANbdTrn,uuid:5e8aee67-e604-4b42-8ea8-2b7624866d46
27/03/22 10:48,27/03/22 11:09,27/03/22, ,yes,"-0.3362373,39.5792249",128.3,4.78,owino,garissa,shabah,male,60 or older,informal,"farmer, pastoralist", ,beyond_20 years,yes,owner,first_come,group,1981_1990s,less_1km,less_5Ha,agriculture, ,"mangoes, lemons, others",Guava,yes,"destroy_crops, destroy_property", ,crops, ,dry,night,increase,partial_loss,Na, ,very_important,yes,"propellas, guard, fence, fire", ,not,Highly, ,not, ,not, , ,They jump over,They chase them, , , , ,They are used to it, , , ,They are used to it, , ,no, ,no_interest, , , ,"accustomed_to_current_methods, don't_know_other_methods", ,"Indivudually, farmers_association, government_institutions, ngss", ,"information, financial_support, training", ,"conservation_org, farmer", ,morning_weekend,saturday,farm, ,no,nothing_happens, , , , ,yes,no,not_satisfied,prevention, ,no, , ,extreme_interest,"conservation_org, community_meeting", ,family, ,yes,strongly_agree,agree,strongly_agree,agree,strongly_agree, , , , ,yes,individual,yes,ggc, ,kws, ,strongly_agree,strongly_agree,strongly_disagree,strongly_agree, ,https://drive.google.com/open?id=18yZxkZ5qnFvdrOoW5MEqrH238JY64_tv,uuid:88e37358-cc05-40e7-8336-99f8bccd720b
29/06/22 17:06,29/06/22 17:44,29/06/22, ,yes,"-0.59662,39.7641217",91.6,3.9,mohamed,garissa,bula_bakari,female,29 to 39,primary,pastoralist, ,beyond_20 years,yes,attendant, ,community,before_1980s,less_1km,6_10Ha,hunting, ,"mangoes, bananas, melon, lemons, vegetable, others",An,yes,destroy_crops, ,"river, crops", ,dry,dusk,decrease,total_loss,NA,NA,very_important,yes,fence, ,Highly, , , , , , ,NA, , , , , , , , , , , , , ,yes,NA,slight_interest,NA,kws_use, ,financial_constraints, ,ngss, ,training, ,conservation_org, ,morning_weekend,saturday,farm, ,yes, , ,kws,others,NA,yes,yes,moderately_satisfied,compensation, ,yes,community_meeting, ,no_interest,"community_meeting, conservation_org", ,conservation_org, ,yes,strongly_agree,strongly_agree,agree,strongly_agree,strongly_agree, , , , ,yes,"community, NGOs",yes,ggc, ,kws, ,strongly_agree,strongly_agree,disagree,strongly_disagree, ,https://drive.google.com/open?id=1w9VKLx0k4KipHbQW-R2q0JK3sXjv57Hr,uuid:52575f8f-9f5a-4174-8ae2-21322e8834c9
29/06/22 17:49,29/06/22 18:27,29/06/22, ,yes,"-0.5963774,39.7640325",129.9,4.58,mohamed,garissa,bula_bakari,male,29 to 39,primary,government_employee, ,more than_10_but_less_15_years,yes,attendant, ,community,1991_2000,less_1km,less_5Ha,"hunting, agriculture", ,"mangoes, bananas, others, lemons, melon, vegetable",NA,yes,"destroy_property, destroy_crops", ,"water, river", ,dry,dawn,increase,partial_loss,NA,NA,slightly_important,yes,fence, ,moderately, , , , , , ,NA, , , , , , , , , , , , , ,yes,NA,moderate_interest,NA,kws_use, ,financial_constraints, ,ngss, ,training, ,farmer, ,morning_weekend,saturday,farm, ,yes, , ,kws,verbally_in-person, ,yes,yes,moderately_satisfied,prevention, ,yes,community_meeting, ,slight_interest,community_meeting, ,local_govt, ,yes,strongly_agree,strongly_agree,strongly_agree,agree,agree, , , , ,yes,community,yes,ggc, ,kws, ,strongly_agree,agree,strongly_agree,strongly_agree, ,https://drive.google.com/open?id=1m7wnuy5ysRj3k2vDTSCNYbxEDUol4Pk9,uuid:4839d057-b10e-4db0-9b0f-9f3688aee641
01/07/22 14:23,01/07/22 14:47,01/07/22, ,yes,"-0.6058209,39.7635997",136,4.883,owino,garissa,bula_bakari,male,29 to 39,primary,"pastoralist, farmer", ,beyond_20 years,yes,owner,inherited,community,1981_1990s,less_1km,less_5Ha,agriculture, ,"mangoes, lemons, vegetable, melon", ,yes,"destroy_crops, destroy_property", ,crops, ,dry,"night, dusk, dawn",increase,partial_loss,Na, ,very_important,yes,"fence, guard, others, propellas",Flashing on a string,moderately,Highly, , , ,not,moderately,They fences, ,Helps only when awake present, , , , , , , , ,They are used to this methods,Simulate human presence, ,yes,Increase the number of lifeguard,extreme_interest,Try wire fence,"neighbour_uses, available, easy_use", ,"expensive_equipment, financial_constraints", ,"government_institutions, Indivudually", ,"information, technical_support, financial_support, training", ,farmer, ,morning_weekdays,monday,farm, ,no,nothing_happens, , , , ,yes,no,not_satisfied,"prevention, compensation", ,no, , ,extreme_interest,"conservation_org, community_meeting", ,family, ,yes,strongly_agree,disagree,disagree,agree,agree, , , , ,no, ,yes,ggc, ,kws, ,disagree,disagree,strongly_agree,agree, ,https://drive.google.com/open?id=1zeNVecnaylJ68GpHNUq87jID8TpKbI_F,uuid:1b3c10ae-854c-4ab4-845a-cb67a4bc3022
01/07/22 14:54,01/07/22 15:10,01/07/22, ,yes,"-0.6064853,39.7635665",122.5,5,owino,garissa,bula_bakari,male,18 to 28,secondary,farmer, ,beyond_20 years,yes,owner,first_come,group,1981_1990s,less_1km,less_5Ha,agriculture, ,"mangoes, lemons, melon", ,yes,"destroy_crops, destroy_property", ,crops, ,all_year_round,night,increase,partial_loss,Na, ,very_important,yes,"guard, fence, fire", ,moderately,Highly, ,not, , , ,Giraffe are tall and jump over femces, ,They chase them away, , , , ,I am not sure, , , , , , ,yes,Use flashlighs,extreme_interest,Flashlights,"cheap, available, easy_use", ,financial_constraints, ,"Indivudually, farmers_association, ngss", ,training, ,farmer, ,morning_weekend,saturday,school, ,no,I_don't_know_where, , , , ,no, , ,compensation, ,no, , ,extreme_interest,community_meeting, ,family, ,yes,strongly_agree,agree,agree,agree,agree, , , , ,no, ,yes,ggc, ,kws, ,agree,agree,agree,agree, ,https://drive.google.com/open?id=1r2d-0yAUx7PPy4PgOkCqfbtJHZh-W6cU,uuid:f8b2a2af-78ce-4f4b-ba9d-0b0e5f823367
01/07/22 17:48,01/07/22 18:38,01/07/22, ,yes,"-0.5965502,39.7641462",140.4,4.9,mohamed,garissa,bula_bakari,male,29 to 39,secondary,farmer, ,more_than_5_but_less_10 years,yes,attendant, ,individual,1991_2000,less_1km,16_20Ha,"grazing, agriculture", ,"mangoes, bananas, melon, lemons", ,yes,"destroy_property, threaten_human, destroy_crops, spread_diseases", ,"water, river, crops", ,dry,night,decrease,total_loss,"The year 2019 i harvested 300000tonnes of mango and 100000 tonnes of water Mellon ,500000 tonnes of sweet melons bt from 2019to 2022 I,m getting less than tha",Trees like mango  i get I lost 100000tonnes and melon and sweetmelon200000 and other vegitables decreased the harvest,not important,yes,"fire, pitfall, fence, guard, guard_dog, propellas", ,moderately,moderately,moderately,don_know, ,moderately, ,It will cost me a lot to fance, ,Because I can get effective by the coldness, ,Because  will west more time, , , ,It will cost my money's alot, ,By spending more money buying it, , , ,no, ,moderate_interest,By using electronic fance,"available, kws_use", ,"financial_constraints, accustomed_to_current_methods", ,"ngss, farmers_association", ,"financial_support, technical_support, training", ,local_govt, ,morning_weekend,sunday,farm, ,yes, , ,"police_station, kws, chief_office",phone, ,yes,no,not_satisfied,compensation, ,no, , ,no_interest,"social_media, community_meeting, radio, newspaper", ,conservation_org, ,yes,strongly_agree,strongly_agree,strongly_agree,strongly_agree,strongly_agree, , , , ,yes,NGOs,yes,ggc, ,kws, ,strongly_agree,strongly_agree,strongly_agree,strongly_agree, ,https://drive.google.com/open?id=1NAX_wPa_XFq3SeVf1Q1TvbQ8n7XFugFS,uuid:fcd6d92a-4797-420a-ba02-5c320f066a3c
02/07/22 12:21,02/07/22 12:36,02/07/22, ,yes,"-0.5101327,39.6516159",128.3,4.5,owino,garissa,bula_gem,male,50 to 59,primary,"farmer, pastoralist, government_employee", ,beyond_20 years,yes,owner,purchased,individual,1981_1990s,more_than_1km_but_less_than_2km,less_5Ha,agriculture, ,"mangoes, lemons, others, melon",Guava,yes,"destroy_crops, destroy_property", ,"crops, river", ,dry,"dusk, night, dawn",decrease,partial_loss,Na, ,very_important,yes,"fence, guard, guard_dog, fire, propellas", ,moderately,Highly,not,not, ,not, ,They jump over fences, ,They chase them away, , ,They just alert the guard but giraffe are not afraid, ,"They are used to it, the even pass close to fire", , , ,They are now used to it, , ,yes,Fence with wire,extreme_interest,Wire fencing,"neighbour_uses, available, easy_use", ,"expensive_equipment, financial_constraints", ,"Indivudually, farmers_association, government_institutions, ngss", ,"information, financial_support, training", ,conservation_org, ,morning_weekend,saturday,farm, ,yes, , ,farmers_association,"verbally_in-person, phone", ,yes,no,not_satisfied,"compensation, prevention", ,no, , ,extreme_interest,"conservation_org, community_meeting", ,others,Agricultural officers,yes,strongly_agree,strongly_agree,strongly_agree,agree,strongly_agree, , , , ,no, ,yes,ggc, ,"kws, hcp", ,strongly_agree,agree,strongly_disagree,strongly_agree, ,https://drive.google.com/open?id=10Rq5R4xeAL_W8ns3qEgFI6k2i3wIULLw,uuid:6da365a6-fb9c-4bbc-ad3a-ad82ee49d47d
02/07/22 12:43,02/07/22 12:57,02/07/22, ,yes,"-0.5114922,39.65004",137.1,4.94,owino,garissa,bula_gem,female,50 to 59,informal,farmer, ,beyond_20 years,yes,owner,purchased,individual,1981_1990s,more_than_1km_but_less_than_2km,less_5Ha,agriculture, ,"mangoes, vegetable, lemons", ,yes,destroy_crops, ,crops, ,dry,"dusk, night, dawn",increase,partial_loss,Na, ,very_important,yes,"guard, fence", ,not,moderately, , , , , , ,They break through sticks,They are afraid of hippo so they don't help as much, , , , , , , , , , , ,yes,Use tall wire fences and use security lights,extreme_interest,Fences with wire, , ,"expensive_equipment, financial_constraints", ,"Indivudually, farmers_association, government_institutions, ngss", ,"information, training, financial_support", ,conservation_org, ,morning_weekend,saturday,farm, ,yes, , ,farmers_association,"verbally_in-person, phone", ,yes,yes,not_satisfied,"prevention, compensation", ,no, , ,extreme_interest,"conservation_org, community_meeting", ,family, ,yes,agree,agree,agree,agree,agree, , , , ,no, ,yes,ggc, ,kws, ,agree,agree,disagree,agree, ,https://drive.google.com/open?id=11YFrQQkEE2NlYdAW2G97QxhZ8mW2pONm,uuid:bf4a85b4-122f-4c21-b353-9676abb55851
02/07/22 12:58,02/07/22 13:10,02/07/22, ,yes,"-0.5114365,39.6500332",133.7,4.983,owino,garissa,bula_gem,male,60 or older,informal,"farmer, pastoralist", ,beyond_20 years,no,owner,first_come,group,1981_1990s,more_than_1km_but_less_than_2km,less_5Ha,agriculture, ,"mangoes, lemons, others, melon",Guava,yes,"destroy_crops, destroy_property", ,"crops, river", ,dry,night,increase,total_loss,Na, ,very_important,yes,"fence, guard, fire", ,not,moderately, ,not, , , , ,They break fence and jump,They help but sleep some days and also they can't stay on farm all the time because of hippos, , , , ,They are used to it, , , , , , ,no, ,extreme_interest,Security lights,"cheap, others, available, easy_use",I have used this to protect my cattle from other wildlife,"financial_constraints, expensive_equipment", ,"farmers_association, Indivudually, government_institutions, ngss", ,"information, training, financial_support", ,conservation_org, ,morning_weekend,saturday,farm, ,yes, , ,kws,verbally_in-person, ,yes,no,not_satisfied,prevention, ,no, , ,extreme_interest,"conservation_org, community_meeting", ,family, ,yes,strongly_agree,strongly_agree,strongly_agree,agree,agree, , , , ,yes,community,yes,ggc, ,kws, ,strongly_agree,strongly_agree,strongly_disagree,strongly_agree, ,https://drive.google.com/open?id=1wBtuXvSp-JckIhI9D1ec1nnnyPKwEPLw,uuid:770521f9-6185-4dbd-91e9-93d410a03e36
02/07/22 13:16,02/07/22 13:28,02/07/22, ,yes,"-0.512158,39.6496736",121.5,4.88,owino,garissa,bula_gem,male,60 or older,informal,"pastoralist, farmer", ,beyond_20 years,yes,owner,purchased,individual,1981_1990s,more_than_1km_but_less_than_2km,less_5Ha,agriculture, ,mangoes, ,yes,"destroy_crops, destroy_property", ,"crops, river", ,dry,"night, dusk, dawn",increase,partial_loss,Na, ,very_important,yes,"fence, guard", ,not,moderately, , , , , , ,They jump and break through,They sleep, , , , , , , , , , , ,yes,Use flashlighs at everything entry point,extreme_interest,Try security lights,"easy_use, available", ,"financial_constraints, expensive_equipment", ,"farmers_association, Indivudually, government_institutions", ,"information, financial_support, training", ,conservation_org, ,morning_weekend,saturday,farm, ,yes, , ,farmers_association,"verbally_in-person, phone", ,yes,no,not_satisfied,prevention, ,no, , ,extreme_interest,"conservation_org, community_meeting", ,family, ,yes,agree,agree,agree,agree,agree, , , , ,no, ,yes,ggc, ,kws, ,agree,agree,strongly_disagree,agree, ,https://drive.google.com/open?id=142Ia4QsmUbrKOeumplnK60Yddfq--rob,uuid:00925d9d-27fa-4af1-bc12-e34075e39cd5
02/07/22 13:33,02/07/22 13:44,02/07/22, ,yes,"-0.5122878,39.6497165",131.8,4.5,owino,garissa,bula_gem,female,50 to 59,informal,farmer, ,beyond_20 years,yes,owner,first_come,group,1981_1990s,more_than_1km_but_less_than_2km,less_5Ha,agriculture, ,"mangoes, lemons, others, vegetable",Guava,yes,"destroy_crops, destroy_property", ,crops, ,dry,"night, dusk",increase,partial_loss,Na, ,very_important,yes,"fence, guard", ,not,moderately, , , , , , ,They break through,They sleep, , , , , , , , , , , ,yes,Fence with wire,extreme_interest,Wire fencing,"neighbour_uses, available, easy_use", ,"financial_constraints, expensive_equipment", ,"Indivudually, farmers_association, government_institutions, ngss", ,"financial_support, technical_support, training", ,"others, local_govt",Agricultural officers,morning_weekend,saturday,farm, ,yes, , ,farmers_association,verbally_in-person, ,yes,no,not_satisfied,prevention, ,no, , ,extreme_interest,community_meeting, ,family, ,yes,agree,agree,disagree,agree,agree, , , , ,no, ,yes,ggc, ,kws, ,agree,agree,strongly_disagree,agree, ,https://drive.google.com/open?id=1v2iYrsJPspXixTgIaQcD4Tju5cFNIy_l,uuid:8e02a205-f99e-4b98-8f7c-be5f26562950
24/07/22 10:48,24/07/22 13:04,24/07/22, ,yes,"-0.3157,39.5607694",139.8,4.125,mohamed,garissa,sankuri,male,18 to 28,college,"pastoralist, farmer", ,less_than_5_years,yes,owner,inherited,individual,1981_1990s,less_1km,less_5Ha,"grazing, agriculture", ,"mangoes, bananas, melon, lemons", ,yes,"destroy_property, destroy_crops", ,"crops, water, river", ,dry,"night, day",increase,partial_loss,Minimal damage,10,very_important,yes,"fence, guard", ,moderately,moderately, , , , , ,It reduce the girrafe to enter the farm, ,Not really, , , , , , , , , , , ,yes,By applying new model,slight_interest,Lightening,easy_use, ,expensive_equipment, ,"government_institutions, ngss, farmers_association", ,"information, financial_support, training", ,"local_govt, conservation_org, farmer", ,morning_weekend,sunday,farm, ,yes, , ,kws,phone, ,yes,no,not_satisfied,"prevention, compensation", ,no, , ,extreme_interest,conservation_org, ,"local_govt, family, conservation_org", ,yes,strongly_agree,strongly_agree,strongly_agree,agree,agree, , , , ,no, ,yes,ggc, ,kws, ,agree,agree,disagree,agree, ,https://drive.google.com/open?id=1VzkD1Q56A8ByhlYPmuJ0wzO-1AutXBoo,uuid:b133f5e8-0fef-4bbc-80f9-d95c0102818b
24/07/22 11:09,24/07/22 11:29,24/07/22, ,yes,"-0.3154337,39.5612445",158.5,4.966,mohamed,garissa,sankuri,female,29 to 39,informal,"pastoralist, farmer", ,beyond_20 years,yes,owner,inherited,individual,1981_1990s,less_1km,less_5Ha,"agriculture, grazing", ,"mangoes, bananas, vegetable, lemons", ,yes,destroy_crops, ,"water, river, crops", ,dry,night,increase,partial_loss,Little,Little,very_important,no, , , , , , , , , , , , , , , , , , , , , , , , , ,moderate_interest,Lightening,available, ,expensive_equipment, ,"government_institutions, ngss", ,"financial_support, training, information", ,"conservation_org, local_govt, farmer", ,afternoon_weekdays,saturday,farm, ,yes, , ,kws,verbally_in-person, ,yes,no,not_satisfied,"prevention, compensation", ,no, , ,no_interest,conservation_org, ,"local_govt, conservation_org", ,yes,agree,agree,agree,agree,agree, , , , ,no, ,no, , ,none, ,no_opinion,agree,no_opinion,agree, ,https://drive.google.com/open?id=1_RAhjAr66boLgwc8p9-M0tnNcxD2Gbc8,uuid:1dbf9ce2-3ddb-4edd-9e2f-51924399e8dd
24/07/22 11:29,24/07/22 11:40,24/07/22, ,yes,"-0.3155439,39.5612933",142,4.94,mohamed,garissa,sankuri,male,40 to 49,primary,farmer, ,less_than_5_years,yes,owner,inherited,individual,1981_1990s,less_1km,less_5Ha,agriculture, ,"mangoes, bananas, lemons", ,yes,destroy_crops, ,"crops, river", ,dry,night,increase,partial_loss,Large amount,Little,very_important,no, , , , , , , , , , , , , , , , , , , , , , , , , ,slight_interest,Any,"others, available",Fencing,"financial_constraints, expensive_equipment", ,ngss, ,"technical_support, financial_support", ,"conservation_org, local_govt", ,afternoon_weekdays,saturday,farm, ,no,I_don't_know_where, , , , ,no, , ,compensation, ,no, , ,slight_interest,conservation_org, ,conservation_org, ,yes,agree,agree,no_opinion,agree,agree, , , , ,no, ,no, , ,none, ,agree,agree,agree,no_opinion, ,https://drive.google.com/open?id=1SrWyFT2z98RVYNsF7m3jDXm5ZquDMm2F,uuid:6323d842-dc92-4ef6-a6d7-f45b7b0c7e9c
24/07/22 11:40,24/07/22 11:54,24/07/22, ,yes,"-0.3148217,39.5616182",142.3,4.9,mohamed,garissa,sankuri,female,29 to 39,informal,"farmer, pastoralist", ,less_than_5_years,yes,owner,inherited,individual,1981_1990s,less_1km,less_5Ha,"agriculture, grazing", ,"mangoes, bananas, melon, lemons", ,yes,"destroy_crops, destroy_property", ,"crops, river", ,dry,night,increase,partial_loss,Many crates,Little,very_important,yes,fence, ,not, , , , , , , ,Giraffe destroyed, , , , , , , , , , , , ,yes,Lightening,slight_interest,Lightening,"cheap, available", ,"financial_constraints, lack_knowledge", ,farmers_association, ,"technical_support, financial_support, training", ,"farmer, local_govt", ,morning_weekdays,monday,school, ,yes, , ,"kws, chief_office","verbally_in-person, phone", ,yes,no,not_satisfied,prevention, ,no, , ,slight_interest,conservation_org, ,"conservation_org, local_govt", ,yes,strongly_agree,strongly_agree,agree,agree,agree, , , , ,no, ,yes,"ggc, bec", ,kws, ,agree,agree,agree,agree, ,https://drive.google.com/open?id=1BMKcx4XL10IIJhhdYEssQn6VGzGXlSmI,uuid:27a09468-044c-4c3b-8d2b-6d756b852967
24/07/22 11:54,24/07/22 12:16,24/07/22, ,yes,"-0.3150853,39.5613387",156.5,4.866,mohamed,garissa,sankuri,male,29 to 39,informal,"pastoralist, farmer", ,beyond_20 years,yes,owner,inherited,individual,1981_1990s,less_1km,less_5Ha,agriculture, ,"mangoes, bananas, melon, lemons", ,yes,destroy_crops, ,"water, river, crops", ,dry,night,increase,partial_loss,Many,Little,very_important,yes,guard, , ,moderately, , , , , , , ,Not really, , , , , , , , , , , ,yes,Upgrading new method,no_interest, , , ,"expensive_equipment, financial_constraints", ,"farmers_association, ngss", ,"technical_support, financial_support", ,"local_govt, farmer, conservation_org", ,afternoon_weekdays,sunday,farm, ,yes, , ,kws,phone, ,yes,no,not_satisfied,"compensation, prevention", ,no, , ,slight_interest,conservation_org, ,"conservation_org, local_govt", ,no, , , , , ,agree,agree,agree,agree,no, ,no, , ,none, ,agree,agree,agree,agree, ,https://drive.google.com/open?id=1X69sLUTfazJxvNF994awWatjv-WQGpeB,uuid:30e604fc-d2f8-44d5-90e9-5985cb817166
24/07/22 13:40,24/07/22 14:07,24/07/22, ,yes,"-0.3150801,39.5611468",130.8,4.86,mohamed,garissa,sankuri,female,29 to 39,primary,laborer, ,less_than_5_years,yes,owner,govt_issued,group,1981_1990s,less_1km,less_5Ha,agriculture, ,"mangoes, bananas", ,yes,destroy_crops, ,crops, ,all_year_round,night,increase,partial_loss,50,Minimum,very_important,yes,"fence, guard, fire", ,moderately,moderately, ,not, , , ,Buy applying new model, ,It reduces the girrafe to enter the farm not really, , , , ,Very little, , , , , , ,yes,Minimum,no_interest, , , ,don't_know_other_methods, ,government_institutions, ,technical_support, ,local_govt, ,morning_weekdays,sunday,farm, ,yes, , ,owner,verbally_in-person, ,yes,yes,not_satisfied,compensation, ,no, , ,no_interest,conservation_org, ,local_govt, ,no, , , , , ,agree,agree,strongly_agree,disagree,no, ,yes,ggc, ,kws, ,strongly_agree,agree,agree,strongly_agree, ,https://drive.google.com/open?id=1KoDHUtQ7Zbxa46fSQU8yp_-4u2vD6m0D,uuid:572c054a-d6e0-47b8-806f-133e6f498f60
24/07/22 11:54,24/07/22 12:16,24/07/22, ,yes,"-0.3150853,39.5613387",156.5,4.866,mohamed,garissa,sankuri,male,29 to 39,informal,"pastoralist, farmer", ,beyond_20 years,yes,owner,inherited,individual,1981_1990s,less_1km,less_5Ha,agriculture, ,"mangoes, bananas, melon, lemons", ,yes,destroy_crops, ,"water, river, crops", ,dry,night,increase,partial_loss,Many,Little,very_important,yes,guard, , ,moderately, , , , , , , ,Not really, , , , , , , , , , , ,yes,Upgrading new method,no_interest, , , ,"expensive_equipment, financial_constraints", ,"farmers_association, ngss", ,"technical_support, financial_support", ,"local_govt, farmer, conservation_org", ,afternoon_weekdays,sunday,farm, ,yes, , ,kws,phone, ,yes,no,not_satisfied,"compensation, prevention", ,no, , ,slight_interest,conservation_org, ,"conservation_org, local_govt", ,no, , , , , ,agree,agree,agree,agree,no, ,no, , ,none, ,agree,agree,agree,agree, ,https://drive.google.com/open?id=1y9GRIYqAkVUzgyYPNQ5qliRMLzzFqY1L,uuid:30e604fc-d2f8-44d5-90e9-5985cb817166
24/07/22 12:17,24/07/22 12:22,24/07/22, ,yes,"-0.3151007,39.5612464",158.2,4.88,mohamed,garissa,sankuri,male,29 to 39,informal,farmer, ,beyond_20 years,yes,owner,inherited,individual,1981_1990s,less_1km,less_5Ha,agriculture, ,"mangoes, bananas", ,yes,"destroy_crops, threaten_human", ,"water, crops, river", ,dry,night,increase,partial_loss,Many,Little,slightly_important,yes,fence, ,moderately, , , , , , ,Not really, , , , , , , , , , , , , ,no, ,no_interest, , , ,"financial_constraints, lack_knowledge", ,farmers_association, ,technical_support, ,"conservation_org, local_govt, farmer", ,afternoon_weekdays, ,farm, ,yes, , ,kws,verbally_in-person, ,no, , ,"prevention, compensation", ,no, , ,slight_interest,radio, ,conservation_org, ,yes,agree,agree,agree,agree,agree, , , , ,no, ,no, , ,none, ,agree,agree,agree,agree, ,https://drive.google.com/open?id=1jgFZem2H4GglViofOlO1PsXcd8lCNiYX,uuid:a36e6b82-c78a-4a9a-86ae-905e50cecb66
24/07/22 12:22,24/07/22 13:26,24/07/22, ,yes,"-0.3151216,39.5613158",141.6,4.76,mohamed,garissa,sankuri,female,29 to 39,informal,"pastoralist, farmer", ,beyond_20 years,yes,owner,inherited,individual,1981_1990s,less_1km,less_5Ha,agriculture, ,"mangoes, bananas, vegetable", ,yes,"destroy_crops, destroy_property", ,"water, river, crops", ,dry,night,increase,partial_loss,Minimum,Very little,very_important,yes,fence, ,moderately, , , , , , ,It reduces girrafe invasion, , , , , , , , , , , , , ,yes,Lightening,no_interest, , , ,"expensive_equipment, financial_constraints, lack_knowledge", ,"farmers_association, ngss, government_institutions", ,"financial_support, information", ,"local_govt, conservation_org", ,afternoon_weekdays,sunday,farm, ,yes, , ,"kws, chief_office",verbally_in-person, ,no, , ,"prevention, compensation", ,yes,"conservation_org, radio", ,slight_interest,"conservation_org, radio", ,conservation_org, ,yes,agree,agree,agree,agree,agree, , , , ,no, ,no, , ,none, ,agree,no_opinion,agree,agree, ,https://drive.google.com/open?id=1BDAAAANMC3EUqHUCOdanNQkdSzfD0RCg,uuid:bb6d5863-a276-489b-9a52-09f41839a914
24/07/22 12:29,24/07/22 12:43,24/07/22, ,yes,"-0.3150862,39.5612578",153.4,4.883,mohamed,garissa,sankuri,male,40 to 49,informal,farmer, ,beyond_20 years,yes,owner,inherited,individual,1981_1990s,less_1km,less_5Ha,agriculture, ,"mangoes, bananas", ,yes,"destroy_crops, destroy_property", ,"water, crops, river", ,dry,"night, dusk, dawn",increase,partial_loss,Many,Little,very_important,yes,fence, ,moderately, , , , , , ,Yes, , , , , , , , , , , , , ,yes,Lightening,slight_interest,Lightening,available, ,"expensive_equipment, financial_constraints, lack_knowledge", ,"farmers_association, government_institutions", ,"financial_support, technical_support, information", ,local_govt, ,afternoon_weekdays,wednesday,farm, ,yes, , ,kws,phone, ,yes,no,moderately_satisfied,"prevention, compensation", ,no, , ,slight_interest,conservation_org, ,conservation_org, ,yes,agree,agree,agree,no_opinion,agree, , , , ,no, ,yes,ggc, ,kws, ,agree,agree,agree,agree, ,https://drive.google.com/open?id=16FnjHEMjHvVYfKnVA9KbI3YgUleTTvZz,uuid:223f80f1-b7ef-472d-a5a1-ad7b1b9f1b63
24/07/22 12:43,24/07/22 12:51,24/07/22, ,yes,"-0.3151124,39.5613639",177.1,4.94,mohamed,garissa,sankuri,female,29 to 39,informal,farmer, ,beyond_20 years,yes,owner,inherited,individual,1981_1990s,less_1km,less_5Ha,agriculture, ,"mangoes, bananas, melon, lemons", ,yes,destroy_crops, ,"crops, river", ,dry,night,increase,partial_loss,Many,Little,moderately_important,yes,fence, ,moderately, , , , , , ,Not really, , , , , , , , , , , , , ,yes,Lightening,slight_interest,Lightening,available, ,"expensive_equipment, financial_constraints, lack_knowledge", ,"ngss, government_institutions, farmers_association", ,"technical_support, financial_support, training", ,"local_govt, farmer", ,afternoon_weekdays,saturday,farm, ,yes, , ,kws,verbally_in-person, ,yes,no,not_satisfied,"prevention, compensation", ,yes,"radio, conservation_org", ,slight_interest,"conservation_org, community_meeting", ,"conservation_org, local_govt", ,yes,agree,agree,agree,agree,agree, , , , ,yes,govt,yes,ggc, ,kws, ,agree,agree,agree,no_opinion, ,https://drive.google.com/open?id=1ZMhZ1mmRiPsA2cUigqgzIXktBv20PJs5,uuid:80678ffc-5b32-4298-8e2a-d42bfeee9fc0
24/07/22 12:51,24/07/22 12:55,24/07/22, ,yes,"-0.3150381,39.561181",146.4,4.98,mohamed,garissa,sankuri,male,40 to 49,informal,farmer, ,beyond_20 years,yes,owner,inherited,individual,1981_1990s,less_1km,less_5Ha,agriculture, ,"mangoes, bananas, vegetable", ,yes,"destroy_crops, destroy_property", ,"crops, river", ,dry,night,increase,partial_loss,Many,Little,slightly_important,no, , , , , , , , , , , , , , , , , , , , , , , , , ,slight_interest,New method,available, ,"expensive_equipment, financial_constraints, lack_knowledge", ,farmers_association, ,information, ,local_govt, ,afternoon_weekdays,sunday,farm, ,yes, , ,kws,phone, ,yes,no,not_satisfied,"prevention, compensation", ,yes,social_media, ,moderate_interest,conservation_org, ,conservation_org, ,yes,agree,agree,agree,agree,agree, , , , ,no, ,no, , ,none, ,agree,agree,agree,agree, ,https://drive.google.com/open?id=1HIa0cjN6MANo53GrSKX_1ERDXB8Dv9BR,uuid:6705cde5-5c08-498f-8083-8c81fa7798c5
24/07/22 13:04,24/07/22 13:23,24/07/22, ,yes,"-0.3151621,39.5612347",124.2,3.9,mohamed,garissa,sankuri,female,40 to 49,nursery,pastoralist, ,more_than_5_but_less_10 years,yes,attendant, ,community,1981_1990s,less_1km,6_10Ha,agriculture, ,"mangoes, bananas, lemons", ,yes,destroy_crops, ,river, ,dry,night,increase,total_loss,20,I nheried it,very_important,yes,"fence, guard, fire", ,not,Highly, ,moderately, , , , ,Minimal damage,It reduces the girrafe to enter the farm, , , ,NOT really, , , , , , , ,yes,Buy applying new model,no_interest, , , ,lack_knowledge, ,ngss, ,permission, ,local_govt, ,morning_weekend,sunday,farm, ,yes, , ,farmers_association,verbally_in-person, ,yes,yes,moderately_satisfied,prevention, ,yes,community_meeting, ,moderate_interest,"community_meeting, conservation_org", ,local_govt, ,yes,strongly_agree,strongly_agree,strongly_agree,strongly_agree,strongly_agree, , , , ,yes,community,yes,ggc, ,kws, ,strongly_agree,strongly_agree,strongly_agree,agree, ,https://drive.google.com/open?id=1hY7Hr-SCsQ4KDs6638rPr93IJn0Ggi_f,uuid:5f6be39c-748f-403c-a448-aa61ef050082
24/07/22 13:26,24/07/22 13:40,24/07/22, ,yes,"-0.3151057,39.5612296",127.8,4.96,mohamed,garissa,sankuri,male,50 to 59,informal,farmer, ,more_than_5_but_less_10 years,yes,attendant, ,community,1981_1990s,less_1km,less_5Ha,agriculture, ,"mangoes, bananas", ,yes,destroy_crops, ,crops, ,dry,night,no_change,partial_loss,Minimum,Very little,very_important,yes,fence, ,extremely, , , , , , ,It reduces the girrafe to enter the farm not deally, , , , , , , , , , , , , ,yes,10,moderate_interest,Lightening,kws_use, ,lack_knowledge, ,ngss, ,financial_support, ,local_govt, ,morning_weekdays,saturday,farm, ,yes, , ,"farmers_association, owner",verbally_in-person, ,yes,no,moderately_satisfied,compensation, ,no, , ,moderate_interest,conservation_org, ,local_govt, ,yes,agree,agree,agree,strongly_agree,strongly_agree, , , , ,yes,NGOs,yes,ggc, ,kws, ,strongly_agree,strongly_agree,strongly_agree,strongly_agree, ,https://drive.google.com/open?id=1A5Cs57Fpf2v7dqzlQcrPl2mnFFAATCNs,uuid:e1c19a7d-752d-4522-a289-f840860a7405
24/07/22 13:04,24/07/22 13:23,24/07/22, ,yes,"-0.3151621,39.5612347",124.2,3.9,mohamed,garissa,sankuri,female,40 to 49,nursery,pastoralist, ,more_than_5_but_less_10 years,yes,attendant, ,community,1981_1990s,less_1km,6_10Ha,agriculture, ,"mangoes, bananas, lemons", ,yes,destroy_crops, ,river, ,dry,night,increase,total_loss,20,I nheried it,very_important,yes,"fence, guard, fire", ,not,Highly, ,moderately, , , , ,Minimal damage,It reduces the girrafe to enter the farm, , , ,NOT really, , , , , , , ,yes,Buy applying new model,no_interest, , , ,lack_knowledge, ,ngss, ,permission, ,local_govt, ,morning_weekend,sunday,farm, ,yes, , ,farmers_association,verbally_in-person, ,yes,yes,moderately_satisfied,prevention, ,yes,community_meeting, ,moderate_interest,"community_meeting, conservation_org", ,local_govt, ,yes,strongly_agree,strongly_agree,strongly_agree,strongly_agree,strongly_agree, , , , ,yes,community,yes,ggc, ,kws, ,strongly_agree,strongly_agree,strongly_agree,agree, ,https://drive.google.com/open?id=1Q0rV1t1JgqGy_GO4s7haHMT8BI0bx20D,uuid:5f6be39c-748f-403c-a448-aa61ef050082
26/07/22 12:54,26/07/22 12:59,26/07/22, ,yes,"-0.3078504,39.5693599",146.4,4.72,mohamed,garissa,sankuri,male,40 to 49,informal,farmer, ,more_than_5_but_less_10 years,no,attendant, ,community,2001_2010,more_than_2km_but_less_than_3km,16_20Ha,agriculture, ,melon, ,no, , , , , , , , ,5, ,moderately_important,yes,fire, , , , ,Highly, , , , , , , , , ,Because of gizaa, , , , , , , ,yes,5,slight_interest,5,available, ,"lack_knowledge, financial_constraints", ,government_institutions, ,technical_support, ,local_govt, ,afternoon_weekdays,sunday,chief_office, ,yes, , ,chief_office,verbally_in-person, ,yes,yes,moderately_satisfied,prevention, ,yes,social_media, ,slight_interest,conservation_org, ,local_govt, ,yes,agree,strongly_agree,strongly_agree,strongly_agree,strongly_agree, , , , ,yes,"community, govt",yes,ggc, ,kws, ,strongly_agree,strongly_agree,strongly_agree,strongly_agree, ,https://drive.google.com/open?id=1bdh-A7YzsdDfv2NlXXO0gw8sWcjXGopd,uuid:9a0c285f-13c1-4e97-beca-9b5186cdc32a
26/07/22 13:00,26/07/22 13:03,26/07/22, ,yes,"-0.3078475,39.5693638",156.4,6.68,mohamed,garissa,sankuri,male,40 to 49,primary,farmer, ,more_than_5_but_less_10 years,yes,owner,first_come,group,1991_2000,more_than_2km_but_less_than_3km,6_10Ha,agriculture, ,vegetable, ,yes,destroy_crops, ,river, ,all_year_round,dusk,increase,partial_loss,2,6,moderately_important,yes,guard, , ,Highly, , , , , , , ,2, , , , , , , , , , , ,yes,6,moderate_interest,2,cheap, ,financial_constraints, ,government_institutions, ,technical_support, ,conservation_org, ,morning_weekend,thursday,farm, ,yes, , ,kws,verbally_in-person, ,yes,no,moderately_satisfied,prevention, ,no, , ,slight_interest,"social_media, radio", ,"local_govt, family", ,yes,agree,agree,strongly_agree,strongly_agree,strongly_agree, , , , ,yes,"community, govt",yes,ggc, ,kws, ,agree,strongly_agree,strongly_agree,strongly_agree, ,https://drive.google.com/open?id=1lup6ZBAan1DwArfH0bl3jGcq2vmotma0,uuid:fe62b6e2-59ab-48ed-8acd-af17c9621ac0
26/07/22 13:03,26/07/22 13:06,26/07/22, ,yes,"-0.3078441,39.569315",152.1,4.48,mohamed,garissa,sankuri,male,29 to 39,secondary,laborer, ,more than_10_but_less_15_years,no,owner,purchased,community,2001_2010,more_than_2km_but_less_than_3km,11_15Ha,grazing, ,vegetable, ,no, , , , , , , , ,2, ,moderately_important,yes,guard, , ,moderately, , , , , , , , , , , , , , , , , , , ,yes, ,slight_interest, ,cheap, ,"lack_knowledge, don't_know_other_methods", ,farmers_association, ,technical_support, ,conservation_org, ,afternoon_weekdays,wednesday,farm, ,no,I_don't_know_where, , , , ,yes,yes,not_satisfied,prevention, ,yes,social_media, ,slight_interest,radio, ,conservation_org, ,yes,agree,agree,strongly_agree,agree,agree, , , , ,yes,govt,yes,ggc, ,kws, ,strongly_agree,strongly_agree,strongly_agree,strongly_agree, ,https://drive.google.com/open?id=1ywO9J-9Iird0aO8nvOpcW1BAwWrNrArp,uuid:baef32af-fc5a-40ed-ae35-8ee0e496a2c5
26/07/22 13:06,26/07/22 13:09,26/07/22, ,yes,"-0.3078607,39.569365",152.3,4.54,mohamed,garissa,sankuri,male,50 to 59,nursery,farmer, ,more_than_5_but_less_10 years,yes,attendant, ,individual,1981_1990s,more_than_1km_but_less_than_2km,6_10Ha,comercial_nonfarming, ,bananas, ,yes,"destroy_crops, destroy_property", ,water, ,dry,dawn,increase,partial_loss,8, ,slightly_important,yes,"guard, fire", , ,Highly, ,extremely, , , , , , , , , , , , , , , , , ,yes, ,slight_interest, ,neighbour_uses, ,financial_constraints, ,farmers_association, ,information, ,local_govt, ,morning_weekdays,friday,farm, ,yes, , ,police_station,verbally_in-person, ,yes,yes,not_satisfied,prevention, ,yes, , , , , ,conservation_org, ,yes,agree,strongly_agree,strongly_agree,strongly_agree,strongly_agree, , , , ,yes,community,yes,ggc, ,kws, ,strongly_agree,strongly_agree,strongly_agree,strongly_agree, ,https://drive.google.com/open?id=17V5Oj_LANWeZiMT78ObcNSTZ3At1Y2Wn,uuid:96d975d8-207a-4bd0-a4bf-c8d9944d17e1
26/07/22 13:09,26/07/22 13:11,26/07/22, ,yes,"-0.3077903,39.5692768",152.2,8.36,mohamed,garissa,sankuri,male,40 to 49,primary,laborer, ,more than_10_but_less_15_years,yes,attendant, ,community,1981_1990s,more_than_1km_but_less_than_2km,6_10Ha,comercial_nonfarming, ,vegetable, ,no, , , , , , , , ,2, ,moderately_important,yes,fence, ,moderately, , , , , , , , , , , , , , , , , , , , ,yes,5,slight_interest, ,neighbour_uses, ,financial_constraints, ,government_institutions, ,technical_support, ,farmer, ,afternoon_weekdays,friday,farm, ,no,I_don't_know_where, , , , ,no, , ,prevention, ,yes,radio, ,slight_interest,social_media, ,conservation_org, ,yes,agree,strongly_agree,strongly_agree,strongly_agree,strongly_agree, , , , ,yes,community,yes,ggc, ,kws, ,strongly_agree,strongly_agree,strongly_agree,strongly_agree, ,https://drive.google.com/open?id=1FJxQSM2_YUuspCfdPntJ7hQNy3pZ3xha,uuid:fab025c6-542a-48e3-99e5-095e44a7da50
26/07/22 13:11,26/07/22 13:13,26/07/22, ,yes,"-0.3078109,39.5693314",152.4,7.66,mohamed,garissa,sankuri,male,29 to 39,nursery,laborer, ,more than_10_but_less_15_years,yes,owner,purchased,community,before_1980s,more_than_1km_but_less_than_2km,less_5Ha,comercial_nonfarming, ,bananas, ,no, , , , , , , , ,5, ,slightly_important,no, , , , , , , , , , , , , , , , , , , , , , , , , ,slight_interest, ,neighbour_uses, ,financial_constraints, ,Indivudually, ,technical_support, ,local_govt, ,afternoon_weekdays, ,school, ,no,I_don't_know_where, , , , ,no, , ,prevention, ,yes,social_media, ,slight_interest,social_media, ,conservation_org, ,yes,agree,strongly_agree,strongly_agree,strongly_agree,strongly_agree, , , , ,yes,govt,yes,ggc, ,kws, ,strongly_agree,strongly_agree,strongly_agree,strongly_agree, ,https://drive.google.com/open?id=1etZPWOLY5m0ipK88csru2H6R_3JVJYW1,uuid:0224f7f7-1b97-4030-be9a-6d3d5901bbe4
26/07/22 12:33,26/07/22 12:54,26/07/22, ,yes,"-0.3078632,39.5693633",149.6,4.64,mohamed,garissa,sankuri,male,40 to 49,informal,farmer, ,more_than_5_but_less_10 years,yes,owner,inherited,group,1981_1990s,more_than_1km_but_less_than_2km,6_10Ha,agriculture, ,"bananas, mangoes", ,yes,destroy_crops, ,crops, ,dry,night,decrease,total_loss,10,7,slightly_important,yes,guard, , ,moderately, , , , , , , ,2, , , , , , , , , , , ,yes,Becose it's help for defense,no_interest, , , ,financial_constraints, ,farmers_association, ,financial_support, ,farmer, ,morning_weekend,saturday,farm, ,yes, , ,chief_office,verbally_in-person, ,yes,yes,not_satisfied,prevention, ,yes,conservation_org, ,slight_interest,conservation_org, ,conservation_org, ,yes,agree,agree,agree,agree,agree, , , , ,no, ,yes,ggc, ,kws, ,agree,agree,agree,strongly_agree, ,https://drive.google.com/open?id=1R7eGgGJXp9omxhacZgd_BCFBMgD8SgXO,uuid:5e5e42d0-f9eb-4fb7-a8c6-d289a2e9583c
26/07/22 13:13,26/07/22 13:15,26/07/22, ,yes,"-0.3078536,39.569335",152.4,5.2,mohamed,garissa,sankuri,male,50 to 59,nursery,laborer, ,more than_10_but_less_15_years,yes,owner,purchased,individual,before_1980s,more_than_1km_but_less_than_2km,6_10Ha,agriculture, ,vegetable, ,yes,destroy_crops, ,water, ,dry,dawn,increase,partial_loss,4, ,slightly_important,yes,fence, ,Highly, , , , , , , , , , , , , , , , , , , , ,yes,5,slight_interest,2,neighbour_uses, ,financial_constraints, ,farmers_association, ,technical_support, ,local_govt, ,morning_weekdays,friday,chief_office, ,yes, , ,police_station,verbally_in-person, ,yes,yes,not_satisfied,prevention, ,yes,conservation_org, ,slight_interest,social_media, ,conservation_org, ,yes,strongly_agree,strongly_agree,strongly_agree,strongly_agree,strongly_agree, , , , ,yes,govt,yes,ggc, ,kws, ,strongly_agree,strongly_agree,strongly_agree,strongly_agree, ,https://drive.google.com/open?id=17oWs-KYomiO25uNB81qwjfw5KtfEKOJp,uuid:00a6fc2b-585b-4cd5-b83e-150d4d527051
26/07/22 13:15,26/07/22 13:18,26/07/22, ,yes,"-0.3078296,39.569322",152.4,5.02,mohamed,garissa,sankuri,female,40 to 49,primary,laborer, ,more than_10_but_less_15_years,no,attendant, ,community,1981_1990s,more_than_2km_but_less_than_3km,11_15Ha,agriculture, ,vegetable, ,no, , , , , , , , ,25, ,extremely_important,yes,fence, ,Highly, , , , , , ,N/A, , , , , , , , , , , , , ,yes,N/A,slight_interest,5,neighbour_uses, ,financial_constraints, ,farmers_association, ,technical_support, ,farmer, ,afternoon_weekdays,wednesday,chief_office, ,yes, , ,police_station,verbally_in-person, ,yes,no,not_satisfied,prevention, ,yes,social_media, ,slight_interest,social_media, ,conservation_org, ,no, , , , , ,strongly_agree,strongly_agree,strongly_agree,strongly_agree,no, ,yes,ggc, ,kws, ,agree,agree,agree,agree, ,https://drive.google.com/open?id=1Z21mvWqWYUkSSSG4cBnDRCxz2GDqBH9w,uuid:e544e3e9-913c-4e9b-bc99-47a0dc798cbd
26/07/22 13:19,26/07/22 13:21,26/07/22, ,yes,"-0.3078389,39.5693735",151.8,4.88,ifra,garissa,sankuri,female,40 to 49,primary,conservationist, ,more than_10_but_less_15_years,yes,owner,purchased,individual,before_1980s,more_than_1km_but_less_than_2km,6_10Ha,comercial_nonfarming, ,bananas, ,no, , , , , , , , ,4, ,slightly_important,yes,fence, ,moderately, , , , , , , , , , , , , , , , , , , , ,yes, ,no_interest, , , ,expensive_equipment, ,Indivudually, ,information, ,local_govt, ,morning_weekdays,thursday,chief_office, ,yes, , ,police_station, , ,yes,yes,not_satisfied,prevention, ,yes,radio, ,slight_interest,social_media, ,conservation_org, ,yes,agree,strongly_agree,strongly_agree,agree,strongly_agree, , , , ,no, ,yes,ggc, ,kws, ,agree,agree,agree,agree, ,https://drive.google.com/open?id=1FpxoYg3iaHGcPDTFeMxlGV8c61IAHTM3,uuid:2163da10-2897-4d28-95b3-4173d9952f72
26/07/22 13:21,26/07/22 13:23,26/07/22, ,yes,"-0.3079374,39.5694205",153.8,8.55,abdirahman,garissa,sankuri,male,50 to 59,primary,conservationist, ,more than_10_but_less_15_years,yes,owner,purchased,individual,1981_1990s,more_than_2km_but_less_than_3km,less_5Ha,comercial_nonfarming, ,bananas, ,yes,destroy_crops, ,crops, ,dry,dusk,increase,partial_loss,4,6,moderately_important,yes,fence, ,Highly, , , , , , , , , , , , , , , , , , , , ,yes,5,slight_interest, ,neighbour_uses, ,financial_constraints, , , ,technical_support, ,farmer, ,afternoon_weekdays,sunday,farm, ,no,I_don't_know_where, , , , ,no, , ,prevention, ,yes,radio, ,slight_interest,social_media, ,conservation_org, ,yes,strongly_agree,strongly_agree,strongly_agree,strongly_agree,strongly_agree, , , , ,yes,community,yes,ggc, ,kws, ,agree,agree,agree,agree, ,https://drive.google.com/open?id=1ZaO2m6_4aIEVVllfsRaUFQNlwg-7kmz0,uuid:1cde4e0f-89c2-4647-b3e6-e94b7bfa72b1
26/07/22 13:23,26/07/22 13:26,26/07/22, ,yes,"-0.3077925,39.5692859",153.1,5.2,abdirahman,garissa,sankuri,male,29 to 39,nursery,laborer, ,more_than_5_but_less_10 years,no,attendant, ,community,1981_1990s,more_than_1km_but_less_than_2km,6_10Ha,comercial_nonfarming, ,melon, ,no, , , , , , , , ,4, ,extremely_important,yes,guard, , ,Highly, , , , , , , ,2, , , , , , , , , , , ,yes,6,slight_interest, ,cheap, ,financial_constraints, ,farmers_association, ,technical_support, ,local_govt, ,afternoon_weekdays,wednesday,chief_office, ,yes, , ,police_station,verbally_in-person, ,yes,yes,not_satisfied,prevention, ,yes,social_media, ,no_interest,social_media, ,conservation_org, ,yes,no_opinion,agree,strongly_agree,strongly_agree,strongly_agree, , , , ,yes,govt,yes,bec, ,kws, ,strongly_agree,strongly_agree,strongly_agree,strongly_agree, ,https://drive.google.com/open?id=1oc2Nf6N-iljM-psh-Bk34oC6ey24_ooy,uuid:9af6a64b-204d-40a5-a4b2-802065202079
26/07/22 13:26,26/07/22 13:28,26/07/22, ,yes,"-0.3078658,39.5692272",157.4,10.95,sahal,garissa,sankuri,male,60 or older,secondary,conservationist, ,more than_10_but_less_15_years,yes,attendant, ,community,before_1980s,more_than_1km_but_less_than_2km,6_10Ha,comercial_nonfarming, ,bananas, ,yes,destroy_crops, ,crops, ,wet,dusk,decrease,partial_loss,3, ,slightly_important,yes,fence, ,moderately, , , , , , , , , , , , , , , , , , , , ,yes, ,slight_interest,2,neighbour_uses, ,financial_constraints, ,farmers_association, ,technical_support, ,local_govt, ,afternoon_weekdays,tuesday,chief_office, ,yes, , ,police_station,verbally_in-person, ,yes,yes,not_satisfied,prevention, ,yes,radio, ,no_interest,social_media, ,conservation_org, ,yes,agree,strongly_agree,strongly_agree,strongly_agree,strongly_agree, , , , ,yes,govt,yes,ggc, ,kws, ,strongly_agree,strongly_agree,strongly_agree,strongly_agree, ,https://drive.google.com/open?id=18KkrlBdvcYn-pP9a1AqFXxhBHC6Xnzrz,uuid:a34b4e62-ec16-44cf-b3de-f0d66db73dba
26/07/22 13:31,26/07/22 13:33,26/07/22, ,yes,"-0.3077917,39.5693167",155.5,8.6,abdirahman,garissa,sankuri,male,29 to 39,nursery,laborer, ,more_than_5_but_less_10 years,no,owner,purchased,individual,before_1980s,more_than_1km_but_less_than_2km,6_10Ha,comercial_nonfarming, ,bananas, ,no, , , , , , , , ,6, ,moderately_important,yes,fence, ,moderately, , , , , , , , , , , , , , , , , , , , ,yes, ,no_interest, , , ,expensive_equipment, ,farmers_association, ,information, ,conservation_org, ,morning_weekdays,monday,chief_office, ,yes, , ,chief_office,verbally_in-person, ,yes,yes,not_satisfied,prevention, ,yes,social_media, ,no_interest,social_media, ,conservation_org, ,yes,agree,agree,strongly_agree,strongly_agree,strongly_agree, , , , ,yes,govt,yes,ggc, ,kws, ,strongly_agree,strongly_agree,strongly_agree,strongly_agree, ,https://drive.google.com/open?id=1ko1g8GZTWTai5PDTs1GSbBCjDr961POM,uuid:3a575b1e-2b3b-444e-80d8-b5f278b33b8f
26/07/22 13:34,26/07/22 13:36,26/07/22, ,yes,"-0.3078334,39.5693559",155.7,5.4,abdirahman,garissa,sankuri,male,29 to 39,primary,laborer, ,more than_10_but_less_15_years,yes,owner,purchased,individual,1981_1990s,more_than_1km_but_less_than_2km,6_10Ha,comercial_nonfarming, ,vegetable, ,no, , , , , , , , ,2, ,moderately_important,yes,guard, , ,moderately, , , , , , , , , , , , , , , , , , , ,yes, ,no_interest, , , ,financial_constraints, ,farmers_association, ,technical_support, ,local_govt, ,afternoon_weekdays,thursday,chief_office, ,yes, , ,police_station,verbally_in-person, ,yes,yes,not_satisfied,prevention, ,yes,conservation_org, ,slight_interest,social_media, ,conservation_org, ,yes,agree,agree,agree,agree,agree, , , , ,yes,govt,yes,ggc, ,kws, ,agree,agree,agree,agree, ,https://drive.google.com/open?id=1Sb-qjT5EqYCis2Ct9FCXJfGZnwCpY2X2,uuid:023e45d7-8447-4980-9f65-6a0c7484e76c
26/07/22 13:36,26/07/22 13:38,26/07/22, ,yes,"-0.3078502,39.5693484",155.6,4.8,sahal,garissa,sankuri,male,40 to 49,nursery,farmer, ,more_than_5_but_less_10 years,yes,owner,purchased,individual,before_1980s,more_than_1km_but_less_than_2km,less_5Ha,comercial_nonfarming, ,bananas, ,no, , , , , , , , ,2, ,slightly_important,yes,fence, ,moderately, , , , , , , , , , , , , , , , , , , , ,yes, ,no_interest, , , ,expensive_equipment, ,Indivudually, ,information, ,conservation_org, ,morning_weekdays,friday, , ,yes, , ,police_station,verbally_in-person, ,yes,yes,not_satisfied,prevention, ,yes,radio, ,slight_interest,social_media, ,conservation_org, ,yes,agree,agree,strongly_agree,strongly_agree,strongly_agree, , , , ,yes,govt,yes,ggc, ,kws, ,agree,agree,agree,agree, ,https://drive.google.com/open?id=16VTDSYr7dLyv15U73Of1RsUdoE-MqLC1,uuid:041a9629-d8e8-4545-9528-013749520065
26/07/22 13:38,26/07/22 13:41,26/07/22, ,yes,"-0.3077455,39.5691035",155.6,4.98,abdirahman,garissa,sankuri,male,40 to 49,secondary,farmer, ,more than_10_but_less_15_years,yes,owner,purchased,individual,before_1980s,more_than_1km_but_less_than_2km,6_10Ha,comercial_nonfarming, ,melon, ,yes,destroy_crops, ,water, ,dry,dawn,decrease,partial_loss,6,5,moderately_important,yes,fence, ,Highly, , , , , , , , , , , , , , , , , , , , ,no, ,no_interest, , , ,expensive_equipment, ,farmers_association, ,technical_support, , , ,afternoon_weekdays,saturday,chief_office, ,yes, , ,police_station,verbally_in-person, ,yes,yes,not_satisfied,prevention, ,yes,social_media, ,no_interest,social_media, ,conservation_org, ,yes,agree,strongly_agree,strongly_agree,strongly_agree,strongly_agree, , , , ,yes,govt,yes,ggc, ,kws, ,agree,strongly_agree,agree,agree, ,https://drive.google.com/open?id=178bFPvHX9xHykMpy7oisEPehUF74xBL5,uuid:a030443a-b1e9-45a8-8c34-86c2afffdcb8
26/07/22 13:41,26/07/22 13:43,26/07/22, ,yes,"-0.3078697,39.5689779",155.7,96,abdirahman,garissa,sankuri,male,40 to 49,nursery,laborer, ,more than_10_but_less_15_years,yes,owner,purchased,community,before_1980s,more_than_1km_but_less_than_2km,6_10Ha,comercial_nonfarming, ,vegetable, ,yes,destroy_crops, ,crops, ,dry,dawn,increase,partial_loss,7,6,slightly_important,yes,fence, ,moderately, , , , , , , , , , , , , , , , , , , , ,yes, ,no_interest, , , ,expensive_equipment, ,Indivudually, ,information, ,conservation_org, ,morning_weekdays, ,farm, ,yes, , ,police_station,verbally_in-person, ,yes,no,not_satisfied,prevention, ,yes,radio, ,no_interest,social_media, ,conservation_org, ,no, , , , , ,strongly_agree,strongly_agree,strongly_agree,strongly_agree,yes,govt,yes,ggc, ,kws, ,agree,agree,agree,agree, ,https://drive.google.com/open?id=1Pqpqiji3rNqf31MrDuCdbSqNQ5dnD8WS,uuid:2f10883e-6e46-4204-8c48-f80a17abd283
26/07/22 13:43,26/07/22 13:45,26/07/22, ,yes,"-0.3078616,39.5693781",155,16.75,abdirahman,garissa,sankuri,male,40 to 49,primary,laborer, ,more than_10_but_less_15_years,no,attendant, ,community,1981_1990s,more_than_1km_but_less_than_2km,6_10Ha,comercial_nonfarming, ,vegetable, ,no, , , , , , , , ,4, ,extremely_important,yes,fence, ,moderately, , , , , , ,8, , , , , , , , , , , , , ,yes,6,slight_interest, ,neighbour_uses, ,expensive_equipment, ,Indivudually, ,information, ,conservation_org, ,morning_weekdays,wednesday,chief_office, ,yes, , ,police_station,verbally_in-person, ,yes,yes,not_satisfied,prevention, ,yes,radio, ,slight_interest,social_media, ,conservation_org, ,no, , , , , ,strongly_agree,strongly_agree,strongly_agree,strongly_agree,yes,govt,yes,ggc, ,kws, ,strongly_agree,strongly_agree,strongly_agree,strongly_agree, ,https://drive.google.com/open?id=1kfGUrSIrmBgIp8A5l_sRbNjYiv7hUcBx,uuid:398613c7-0487-4c7d-8f63-1eec373cc77c
26/07/22 12:33,26/07/22 12:54,26/07/22, ,yes,"-0.3078632,39.5693633",149.6,4.64,mohamed,garissa,sankuri,male,40 to 49,informal,farmer, ,more_than_5_but_less_10 years,yes,owner,inherited,group,1981_1990s,more_than_1km_but_less_than_2km,6_10Ha,agriculture, ,"bananas, mangoes", ,yes,destroy_crops, ,crops, ,dry,night,decrease,total_loss,10,7,slightly_important,yes,guard, , ,moderately, , , , , , , ,2, , , , , , , , , , , ,yes,Becose it's help for defense,no_interest, , , ,financial_constraints, ,farmers_association, ,financial_support, ,farmer, ,morning_weekend,saturday,farm, ,yes, , ,chief_office,verbally_in-person, ,yes,yes,not_satisfied,prevention, ,yes,conservation_org, ,slight_interest,conservation_org, ,conservation_org, ,yes,agree,agree,agree,agree,agree, , , , ,no, ,yes,ggc, ,kws, ,agree,agree,agree,strongly_agree, ,https://drive.google.com/open?id=1GbfBlPcWM9yPVveYdaVV-BvyJ6PJMxnz,uuid:5e5e42d0-f9eb-4fb7-a8c6-d289a2e9583c
26/07/22 13:26,26/07/22 13:28,26/07/22, ,yes,"-0.3078658,39.5692272",157.4,10.95,sahal,garissa,sankuri,male,60 or older,secondary,conservationist, ,more than_10_but_less_15_years,yes,attendant, ,community,before_1980s,more_than_1km_but_less_than_2km,6_10Ha,comercial_nonfarming, ,bananas, ,yes,destroy_crops, ,crops, ,wet,dusk,decrease,partial_loss,3, ,slightly_important,yes,fence, ,moderately, , , , , , , , , , , , , , , , , , , , ,yes, ,slight_interest,2,neighbour_uses, ,financial_constraints, ,farmers_association, ,technical_support, ,local_govt, ,afternoon_weekdays,tuesday,chief_office, ,yes, , ,police_station,verbally_in-person, ,yes,yes,not_satisfied,prevention, ,yes,radio, ,no_interest,social_media, ,conservation_org, ,yes,agree,strongly_agree,strongly_agree,strongly_agree,strongly_agree, , , , ,yes,govt,yes,ggc, ,kws, ,strongly_agree,strongly_agree,strongly_agree,strongly_agree, ,https://drive.google.com/open?id=13bMozBje6G_Pytwc9jRtqfwhhPm44Rg4,uuid:a34b4e62-ec16-44cf-b3de-f0d66db73dba
26/07/22 13:28,26/07/22 13:31,26/07/22, ,yes,"-0.3078198,39.569335",155.6,5.12,owino,garissa,sankuri,male,18 to 28,nursery,farmer, ,more_than_5_but_less_10 years,yes,owner,purchased,individual,before_1980s,more_than_1km_but_less_than_2km,less_5Ha,comercial_nonfarming, ,bananas, ,yes,threaten_human, ,crops, ,wet,dawn,increase,partial_loss,2,6,slightly_important,yes,fence, ,moderately, , , , , , , , , , , , , , , , , , , , ,yes, ,no_interest, , , ,expensive_equipment, ,Indivudually, ,information, ,conservation_org, ,morning_weekdays,wednesday,chief_office, ,yes, , ,police_station,verbally_in-person, ,yes,yes,not_satisfied,prevention, ,yes,conservation_org, ,no_interest,social_media, ,conservation_org, ,yes,strongly_agree,strongly_agree,strongly_agree,strongly_agree,strongly_agree, , , , ,yes,govt,yes,ggc, ,kws, ,strongly_agree,strongly_agree,strongly_agree,strongly_agree, ,https://drive.google.com/open?id=1whIWe5Z8na40fzArJvSdfJ67Nauk0IXl,uuid:73a31f4a-c11b-4984-a212-5f77aba2c5b3
,,,,,,,,,,,,,,,,,,,,,,,,,,,,,,,,,,,,,,,,,,,,,,,,,,,,,,,,,,,,,,,,,,,,,,,,,,,,,,,,,,,,,,,,,,,,,,,,,,,,,,,,,,,,,,,,,,,,,,,,,,,,
,,,,,,,,,,,,,,,,,,,,,,,,,,,,,,,,,,,,,,,,,,,,,,,,,,,,,,,,,,,,,,,,,,,,,,,,,,,,,,,,,,,,,,,,,,,,,,,,,,,,,,,,,,,,,,,,,,,,,,,,,,,,
,,,,,,,,,,,,,,,,,,,,,,,,,,,,,,,,,,,,,,,,,,,,,,,,,,,,,,,,,,,,,,,,,,,,,,,,,,,,,,,,,,,,,,,,,,,,,,,,,,,,,,,,,,,,,,,,,,,,,,,,,,,,
,,,,,,,,,,,,,,,,,,,,,,,,,,,,,,,,,,,,,,,,,,,,,,,,,,,,,,,,,,,,,,,,,,,,,,,,,,,,,,,,,,,,,,,,,,,,,,,,,,,,,,,,,,,,,,,,,,,,,,,,,,,,
,,,,,,,,,,,,,,,,,,,,,,,,,,,,,,,,,,,,,,,,,,,,,,,,,,,,,,,,,,,,,,,,,,,,,,,,,,,,,,,,,,,,,,,,,,,,,,,,,,,,,,,,,,,,,,,,,,,,,,,,,,,,
,,,,,,,,,,,,,,,,,,,,,,,,,,,,,,,,,,,,,,,,,,,,,,,,,,,,,,,,,,,,,,,,,,,,,,,,,,,,,,,,,,,,,,,,,,,,,,,,,,,,,,,,,,,,,,,,,,,,,,,,,,,,
,,,,,,,,,,,,,,,,,,,,,,,,,,,,,,,,,,,,,,,,,,,,,,,,,,,,,,,,,,,,,,,,,,,,,,,,,,,,,,,,,,,,,,,,,,,,,,,,,,,,,,,,,,,,,,,,,,,,,,,,,,,,
